"Year","DoY","Temp","Chl"
2000,1,5.31080967741936,43.0483870967742
2000,2,5.19512903225806,42.1451612903226
2000,3,5.07944838709677,41.241935483871
2000,4,4.96376774193548,40.3387096774194
2000,5,4.84808709677419,39.4354838709677
2000,6,4.7324064516129,38.5322580645161
2000,7,4.61672580645161,37.6290322580645
2000,8,4.50104516129032,36.7258064516129
2000,9,4.38536451612903,35.8225806451613
2000,10,4.26968387096774,34.9193548387097
2000,11,4.15400322580645,34.0161290322581
2000,12,4.03832258064516,33.1129032258064
2000,13,3.92264193548387,32.2096774193548
2000,14,3.80696129032258,31.3064516129032
2000,15,3.69128064516129,30.4032258064516
2000,16,3.5756,29.5
2000,17,3.50941935483871,29.6774193548387
2000,18,3.44323870967742,29.8548387096774
2000,19,3.37705806451613,30.0322580645161
2000,20,3.31087741935484,30.2096774193548
2000,21,3.24469677419355,30.3870967741935
2000,22,3.17851612903226,30.5645161290323
2000,23,3.11233548387097,30.741935483871
2000,24,3.04615483870968,30.9193548387097
2000,25,2.97997419354839,31.0967741935484
2000,26,2.9137935483871,31.2741935483871
2000,27,2.84761290322581,31.4516129032258
2000,28,2.78143225806452,31.6290322580645
2000,29,2.71525161290323,31.8064516129032
2000,30,2.64907096774194,31.9838709677419
2000,31,2.58289032258065,32.1612903225806
2000,32,2.51670967741935,32.3387096774194
2000,33,2.45052903225806,32.5161290322581
2000,34,2.38434838709677,32.6935483870968
2000,35,2.31816774193548,32.8709677419355
2000,36,2.25198709677419,33.0483870967742
2000,37,2.1858064516129,33.2258064516129
2000,38,2.11962580645161,33.4032258064516
2000,39,2.05344516129032,33.5806451612903
2000,40,1.98726451612903,33.758064516129
2000,41,1.92108387096774,33.9354838709677
2000,42,1.85490322580645,34.1129032258064
2000,43,1.78872258064516,34.2903225806452
2000,44,1.72254193548387,34.4677419354839
2000,45,1.65636129032258,34.6451612903226
2000,46,1.59018064516129,34.8225806451613
2000,47,1.524,35
2000,48,1.49770714285714,35.2142857142857
2000,49,1.47141428571429,35.4285714285714
2000,50,1.44512142857143,35.6428571428571
2000,51,1.41882857142857,35.8571428571429
2000,52,1.39253571428571,36.0714285714286
2000,53,1.36624285714286,36.2857142857143
2000,54,1.33995,36.5
2000,55,1.31365714285714,36.7142857142857
2000,56,1.28736428571429,36.9285714285714
2000,57,1.26107142857143,37.1428571428571
2000,58,1.23477857142857,37.3571428571429
2000,59,1.20848571428571,37.5714285714286
2000,60,1.18219285714286,37.7857142857143
2000,61,1.1559,38
2000,62,1.12960714285714,38.2142857142857
2000,63,1.10331428571429,38.4285714285714
2000,64,1.07702142857143,38.6428571428571
2000,65,1.05072857142857,38.8571428571429
2000,66,1.02443571428571,39.0714285714286
2000,67,0.998142857142857,39.2857142857143
2000,68,0.97185,39.5
2000,69,0.945557142857143,39.7142857142857
2000,70,0.919264285714286,39.9285714285714
2000,71,0.892971428571429,40.1428571428571
2000,72,0.866678571428571,40.3571428571429
2000,73,0.840385714285714,40.5714285714286
2000,74,0.814092857142857,40.7857142857143
2000,75,0.7878,41
2000,76,0.871883870967742,46.8494623645161
2000,77,0.955967741935484,52.6989247290323
2000,78,1.04005161290323,58.5483870935484
2000,79,1.12413548387097,64.3978494580645
2000,80,1.20821935483871,70.2473118225806
2000,81,1.29230322580645,76.0967741870968
2000,82,1.37638709677419,81.9462365516129
2000,83,1.46047096774194,87.795698916129
2000,84,1.54455483870968,93.6451612806452
2000,85,1.62863870967742,99.4946236451613
2000,86,1.71272258064516,105.344086009677
2000,87,1.7968064516129,111.193548374194
2000,88,1.88089032258065,117.04301073871
2000,89,1.96497419354839,122.892473103226
2000,90,2.04905806451613,128.741935467742
2000,91,2.13314193548387,134.591397832258
2000,92,2.21722580645161,140.440860196774
2000,93,2.30130967741936,146.29032256129
2000,94,2.3853935483871,152.139784925806
2000,95,2.46947741935484,157.989247290323
2000,96,2.55356129032258,163.838709654839
2000,97,2.63764516129032,169.688172019355
2000,98,2.72172903225806,175.537634383871
2000,99,2.80581290322581,181.387096748387
2000,100,2.88989677419355,187.236559112903
2000,101,2.97398064516129,193.086021477419
2000,102,3.05806451612903,198.935483841935
2000,103,3.14214838709677,204.784946206452
2000,104,3.22623225806452,210.634408570968
2000,105,3.31031612903226,216.483870935484
2000,106,3.3944,222.3333333
2000,107,3.4640888889,216.444444412333
2000,108,3.5337777778,210.555555524667
2000,109,3.6034666667,204.666666637
2000,110,3.6731555556,198.777777749333
2000,111,3.7428444445,192.888888861667
2000,112,3.8125333334,186.999999974
2000,113,3.8822222223,181.111111086333
2000,114,3.9519111112,175.222222198667
2000,115,4.0216000001,169.333333311
2000,116,4.091288889,163.444444423333
2000,117,4.1609777779,157.555555535667
2000,118,4.2306666668,151.666666648
2000,119,4.3003555557,145.777777760333
2000,120,4.3700444446,139.888888872667
2000,121,4.4397333335,133.999999985
2000,122,4.5094222224,128.111111097333
2000,123,4.5791111113,122.222222209667
2000,124,4.6488000002,116.333333322
2000,125,4.7184888891,110.444444434333
2000,126,4.788177778,104.555555546667
2000,127,4.8578666669,98.666666659
2000,128,4.9275555558,92.7777777713333
2000,129,4.9972444447,86.8888888836667
2000,130,5.0669333336,80.999999996
2000,131,5.1366222225,75.1111111083333
2000,132,5.2063111114,69.2222222206667
2000,133,5.2760000003,63.333333333
2000,134,5.3456888892,57.4444444453333
2000,135,5.4153777781,51.5555555576667
2000,136,5.485066667,45.66666667
2000,137,5.61975053796774,45.4838709709677
2000,138,5.75443440893548,45.3010752719355
2000,139,5.88911827990323,45.1182795729032
2000,140,6.02380215087097,44.935483873871
2000,141,6.15848602183871,44.7526881748387
2000,142,6.29316989280645,44.5698924758064
2000,143,6.42785376377419,44.3870967767742
2000,144,6.56253763474194,44.2043010777419
2000,145,6.69722150570968,44.0215053787097
2000,146,6.83190537667742,43.8387096796774
2000,147,6.96658924764516,43.6559139806452
2000,148,7.1012731186129,43.4731182816129
2000,149,7.23595698958064,43.2903225825806
2000,150,7.37064086054839,43.1075268835484
2000,151,7.50532473151613,42.9247311845161
2000,152,7.64000860248387,42.7419354854839
2000,153,7.77469247345161,42.5591397864516
2000,154,7.90937634441936,42.3763440874194
2000,155,8.0440602153871,42.1935483883871
2000,156,8.17874408635484,42.0107526893548
2000,157,8.31342795732258,41.8279569903226
2000,158,8.44811182829032,41.6451612912903
2000,159,8.58279569925806,41.4623655922581
2000,160,8.71747957022581,41.2795698932258
2000,161,8.85216344119355,41.0967741941936
2000,162,8.98684731216129,40.9139784951613
2000,163,9.12153118312903,40.731182796129
2000,164,9.25621505409677,40.5483870970968
2000,165,9.39089892506452,40.3655913980645
2000,166,9.52558279603226,40.1827956990323
2000,167,9.660266667,40
2000,168,9.7888777781,40.6833333333333
2000,169,9.9174888892,41.3666666666667
2000,170,10.0461000003,42.05
2000,171,10.1747111114,42.7333333333333
2000,172,10.3033222225,43.4166666666667
2000,173,10.4319333336,44.1
2000,174,10.5605444447,44.7833333333333
2000,175,10.6891555558,45.4666666666667
2000,176,10.8177666669,46.15
2000,177,10.946377778,46.8333333333333
2000,178,11.0749888891,47.5166666666667
2000,179,11.2036000002,48.2
2000,180,11.3322111113,48.8833333333333
2000,181,11.4608222224,49.5666666666667
2000,182,11.5894333335,50.25
2000,183,11.7180444446,50.9333333333333
2000,184,11.8466555557,51.6166666666667
2000,185,11.9752666668,52.3
2000,186,12.1038777779,52.9833333333333
2000,187,12.232488889,53.6666666666667
2000,188,12.3611000001,54.35
2000,189,12.4897111112,55.0333333333333
2000,190,12.6183222223,55.7166666666667
2000,191,12.7469333334,56.4
2000,192,12.8755444445,57.0833333333333
2000,193,13.0041555556,57.7666666666667
2000,194,13.1327666667,58.45
2000,195,13.2613777778,59.1333333333333
2000,196,13.3899888889,59.8166666666667
2000,197,13.5186,60.5
2000,198,13.6138709677419,59.9032258064516
2000,199,13.7091419354839,59.3064516129032
2000,200,13.8044129032258,58.7096774193548
2000,201,13.8996838709677,58.1129032258064
2000,202,13.9949548387097,57.5161290322581
2000,203,14.0902258064516,56.9193548387097
2000,204,14.1854967741935,56.3225806451613
2000,205,14.2807677419355,55.7258064516129
2000,206,14.3760387096774,55.1290322580645
2000,207,14.4713096774194,54.5322580645161
2000,208,14.5665806451613,53.9354838709677
2000,209,14.6618516129032,53.3387096774194
2000,210,14.7571225806452,52.741935483871
2000,211,14.8523935483871,52.1451612903226
2000,212,14.947664516129,51.5483870967742
2000,213,15.042935483871,50.9516129032258
2000,214,15.1382064516129,50.3548387096774
2000,215,15.2334774193548,49.758064516129
2000,216,15.3287483870968,49.1612903225806
2000,217,15.4240193548387,48.5645161290323
2000,218,15.5192903225806,47.9677419354839
2000,219,15.6145612903226,47.3709677419355
2000,220,15.7098322580645,46.7741935483871
2000,221,15.8051032258065,46.1774193548387
2000,222,15.9003741935484,45.5806451612903
2000,223,15.9956451612903,44.9838709677419
2000,224,16.0909161290323,44.3870967741936
2000,225,16.1861870967742,43.7903225806452
2000,226,16.2814580645161,43.1935483870968
2000,227,16.3767290322581,42.5967741935484
2000,228,16.472,42
2000,229,16.3943870967742,42.3870967741936
2000,230,16.3167741935484,42.7741935483871
2000,231,16.2391612903226,43.1612903225806
2000,232,16.1615483870968,43.5483870967742
2000,233,16.083935483871,43.9354838709677
2000,234,16.0063225806452,44.3225806451613
2000,235,15.9287096774194,44.7096774193548
2000,236,15.8510967741936,45.0967741935484
2000,237,15.7734838709677,45.4838709677419
2000,238,15.6958709677419,45.8709677419355
2000,239,15.6182580645161,46.258064516129
2000,240,15.5406451612903,46.6451612903226
2000,241,15.4630322580645,47.0322580645161
2000,242,15.3854193548387,47.4193548387097
2000,243,15.3078064516129,47.8064516129032
2000,244,15.2301935483871,48.1935483870968
2000,245,15.1525806451613,48.5806451612903
2000,246,15.0749677419355,48.9677419354839
2000,247,14.9973548387097,49.3548387096774
2000,248,14.9197419354839,49.741935483871
2000,249,14.8421290322581,50.1290322580645
2000,250,14.7645161290323,50.5161290322581
2000,251,14.6869032258065,50.9032258064516
2000,252,14.6092903225806,51.2903225806452
2000,253,14.5316774193548,51.6774193548387
2000,254,14.454064516129,52.0645161290323
2000,255,14.3764516129032,52.4516129032258
2000,256,14.2988387096774,52.8387096774194
2000,257,14.2212258064516,53.2258064516129
2000,258,14.1436129032258,53.6129032258064
2000,259,14.066,54
2000,260,14.0132133333333,53.888888889
2000,261,13.9604266666667,53.777777778
2000,262,13.90764,53.666666667
2000,263,13.8548533333333,53.555555556
2000,264,13.8020666666667,53.444444445
2000,265,13.74928,53.333333334
2000,266,13.6964933333333,53.222222223
2000,267,13.6437066666667,53.111111112
2000,268,13.59092,53.000000001
2000,269,13.5381333333333,52.88888889
2000,270,13.4853466666667,52.777777779
2000,271,13.43256,52.666666668
2000,272,13.3797733333333,52.555555557
2000,273,13.3269866666667,52.444444446
2000,274,13.2742,52.333333335
2000,275,13.2214133333333,52.222222224
2000,276,13.1686266666667,52.111111113
2000,277,13.11584,52.000000002
2000,278,13.0630533333333,51.888888891
2000,279,13.0102666666667,51.77777778
2000,280,12.95748,51.666666669
2000,281,12.9046933333333,51.555555558
2000,282,12.8519066666667,51.444444447
2000,283,12.79912,51.333333336
2000,284,12.7463333333333,51.222222225
2000,285,12.6935466666667,51.111111114
2000,286,12.64076,51.000000003
2000,287,12.5879733333333,50.888888892
2000,288,12.5351866666667,50.777777781
2000,289,12.4824,50.66666667
2000,290,12.3826163946774,50.7729677451613
2000,291,12.2828327893548,50.8792688203226
2000,292,12.1830491840323,50.9855698954839
2000,293,12.0832655787097,51.0918709706452
2000,294,11.9834819733871,51.1981720458065
2000,295,11.8836983680645,51.3044731209677
2000,296,11.7839147627419,51.410774196129
2000,297,11.6841311574194,51.5170752712903
2000,298,11.5843475520968,51.6233763464516
2000,299,11.4845639467742,51.7296774216129
2000,300,11.3847803414516,51.8359784967742
2000,301,11.284996736129,51.9422795719355
2000,302,11.1852131308065,52.0485806470968
2000,303,11.0854295254839,52.1548817222581
2000,304,10.9856459201613,52.2611827974194
2000,305,10.8858623148387,52.3674838725806
2000,306,10.7860787095161,52.4737849477419
2000,307,10.6862951041935,52.5800860229032
2000,308,10.586511498871,52.6863870980645
2000,309,10.4867278935484,52.7926881732258
2000,310,10.3869442882258,52.8989892483871
2000,311,10.2871606829032,53.0052903235484
2000,312,10.1873770775806,53.1115913987097
2000,313,10.0875934722581,53.217892473871
2000,314,9.98780986693548,53.3241935490323
2000,315,9.8880262616129,53.4304946241935
2000,316,9.78824265629032,53.5367956993548
2000,317,9.68845905096774,53.6430967745161
2000,318,9.58867544564516,53.7493978496774
2000,319,9.48889184032258,53.8556989248387
2000,320,9.389108235,53.962
2000,321,9.26025688673333,53.0632666666667
2000,322,9.13140553846667,52.1645333333333
2000,323,9.0025541902,51.2658
2000,324,8.87370284193333,50.3670666666667
2000,325,8.74485149366667,49.4683333333333
2000,326,8.6160001454,48.5696
2000,327,8.48714879713333,47.6708666666667
2000,328,8.35829744886667,46.7721333333333
2000,329,8.2294461006,45.8734
2000,330,8.10059475233333,44.9746666666667
2000,331,7.97174340406667,44.0759333333333
2000,332,7.8428920558,43.1772
2000,333,7.71404070753333,42.2784666666667
2000,334,7.58518935926667,41.3797333333333
2000,335,7.456338011,40.481
2000,336,7.32748666273333,39.5822666666667
2000,337,7.19863531446667,38.6835333333333
2000,338,7.0697839662,37.7848
2000,339,6.94093261793333,36.8860666666667
2000,340,6.81208126966667,35.9873333333333
2000,341,6.6832299214,35.0886
2000,342,6.55437857313333,34.1898666666667
2000,343,6.42552722486667,33.2911333333333
2000,344,6.2966758766,32.3924
2000,345,6.16782452833333,31.4936666666667
2000,346,6.03897318006667,30.5949333333333
2000,347,5.9101218318,29.6962
2000,348,5.78127048353333,28.7974666666667
2000,349,5.65241913526667,27.8987333333333
2000,350,5.523567787,27
2000,351,5.42341398741936,27.1612903225806
2000,352,5.32326018783871,27.3225806451613
2000,353,5.22310638825806,27.4838709677419
2000,354,5.12295258867742,27.6451612903226
2000,355,5.02279878909677,27.8064516129032
2000,356,4.92264498951613,27.9677419354839
2000,357,4.82249118993548,28.1290322580645
2000,358,4.72233739035484,28.2903225806452
2000,359,4.62218359077419,28.4516129032258
2000,360,4.52202979119355,28.6129032258065
2000,361,4.4218759916129,28.7741935483871
2000,362,4.32172219203226,28.9354838709677
2000,363,4.22156839245161,29.0967741935484
2000,364,4.12141459287097,29.258064516129
2000,365,4.02126079329032,29.4193548387097
2001,1,3.92110699370968,29.5806451612903
2001,2,3.82095319412903,29.741935483871
2001,3,3.72079939454839,29.9032258064516
2001,4,3.62064559496774,30.0645161290323
2001,5,3.5204917953871,30.2258064516129
2001,6,3.42033799580645,30.3870967741935
2001,7,3.32018419622581,30.5483870967742
2001,8,3.22003039664516,30.7096774193548
2001,9,3.11987659706452,30.8709677419355
2001,10,3.01972279748387,31.0322580645161
2001,11,2.91956899790323,31.1935483870968
2001,12,2.81941519832258,31.3548387096774
2001,13,2.71926139874194,31.5161290322581
2001,14,2.61910759916129,31.6774193548387
2001,15,2.51895379958065,31.8387096774194
2001,16,2.4188,32
2001,17,2.33916129032258,32
2001,18,2.25952258064516,32
2001,19,2.17988387096774,32
2001,20,2.10024516129032,32
2001,21,2.0206064516129,32
2001,22,1.94096774193548,32
2001,23,1.86132903225806,32
2001,24,1.78169032258065,32
2001,25,1.70205161290323,32
2001,26,1.62241290322581,32
2001,27,1.54277419354839,32
2001,28,1.46313548387097,32
2001,29,1.38349677419355,32
2001,30,1.30385806451613,32
2001,31,1.22421935483871,32
2001,32,1.14458064516129,32
2001,33,1.06494193548387,32
2001,34,0.985303225806452,32
2001,35,0.905664516129032,32
2001,36,0.826025806451613,32
2001,37,0.746387096774194,32
2001,38,0.666748387096774,32
2001,39,0.587109677419355,32
2001,40,0.507470967741936,32
2001,41,0.427832258064516,32
2001,42,0.348193548387097,32
2001,43,0.268554838709678,32
2001,44,0.188916129032258,32
2001,45,0.109277419354839,32
2001,46,0.0296387096774193,32
2001,47,-0.05,32
2001,48,-0.0405642857142857,34.8214285714286
2001,49,-0.0311285714285714,37.6428571428571
2001,50,-0.0216928571428571,40.4642857142857
2001,51,-0.0122571428571429,43.2857142857143
2001,52,-0.00282142857142857,46.1071428571429
2001,53,0.0066142857142857,48.9285714285714
2001,54,0.01605,51.75
2001,55,0.0254857142857143,54.5714285714286
2001,56,0.0349214285714286,57.3928571428571
2001,57,0.0443571428571429,60.2142857142857
2001,58,0.0537928571428571,63.0357142857143
2001,59,0.0632285714285714,65.8571428571429
2001,60,0.0726642857142857,68.6785714285714
2001,61,0.0821,71.5
2001,62,0.0915357142857143,74.3214285714286
2001,63,0.100971428571429,77.1428571428571
2001,64,0.110407142857143,79.9642857142857
2001,65,0.119842857142857,82.7857142857143
2001,66,0.129278571428571,85.6071428571429
2001,67,0.138714285714286,88.4285714285714
2001,68,0.14815,91.25
2001,69,0.157585714285714,94.0714285714286
2001,70,0.167021428571429,96.8928571428571
2001,71,0.176457142857143,99.7142857142857
2001,72,0.185892857142857,102.535714285714
2001,73,0.195328571428571,105.357142857143
2001,74,0.204764285714286,108.178571428571
2001,75,0.2142,111
2001,76,0.248606451612903,117.129032258065
2001,77,0.283012903225806,123.258064516129
2001,78,0.31741935483871,129.387096774194
2001,79,0.351825806451613,135.516129032258
2001,80,0.386232258064516,141.645161290323
2001,81,0.420638709677419,147.774193548387
2001,82,0.455045161290323,153.903225806452
2001,83,0.489451612903226,160.032258064516
2001,84,0.523858064516129,166.161290322581
2001,85,0.558264516129032,172.290322580645
2001,86,0.592670967741936,178.41935483871
2001,87,0.627077419354839,184.548387096774
2001,88,0.661483870967742,190.677419354839
2001,89,0.695890322580645,196.806451612903
2001,90,0.730296774193548,202.935483870968
2001,91,0.764703225806452,209.064516129032
2001,92,0.799109677419355,215.193548387097
2001,93,0.833516129032258,221.322580645161
2001,94,0.867922580645161,227.451612903226
2001,95,0.902329032258065,233.58064516129
2001,96,0.936735483870968,239.709677419355
2001,97,0.971141935483871,245.838709677419
2001,98,1.00554838709677,251.967741935484
2001,99,1.03995483870968,258.096774193548
2001,100,1.07436129032258,264.225806451613
2001,101,1.10876774193548,270.354838709677
2001,102,1.14317419354839,276.483870967742
2001,103,1.17758064516129,282.612903225806
2001,104,1.21198709677419,288.741935483871
2001,105,1.2463935483871,294.870967741935
2001,106,1.2808,301
2001,107,1.36449066666667,294.48
2001,108,1.44818133333333,287.96
2001,109,1.531872,281.44
2001,110,1.61556266666667,274.92
2001,111,1.69925333333333,268.4
2001,112,1.782944,261.88
2001,113,1.86663466666667,255.36
2001,114,1.95032533333333,248.84
2001,115,2.034016,242.32
2001,116,2.11770666666667,235.8
2001,117,2.20139733333333,229.28
2001,118,2.285088,222.76
2001,119,2.36877866666667,216.24
2001,120,2.45246933333333,209.72
2001,121,2.53616,203.2
2001,122,2.61985066666667,196.68
2001,123,2.70354133333333,190.16
2001,124,2.787232,183.64
2001,125,2.87092266666667,177.12
2001,126,2.95461333333333,170.6
2001,127,3.038304,164.08
2001,128,3.12199466666667,157.56
2001,129,3.20568533333333,151.04
2001,130,3.289376,144.52
2001,131,3.37306666666667,138
2001,132,3.45675733333333,131.48
2001,133,3.540448,124.96
2001,134,3.62413866666667,118.44
2001,135,3.70782933333333,111.92
2001,136,3.79152,105.4
2001,137,3.89393548387097,103.064516129032
2001,138,3.99635096774194,100.729032258065
2001,139,4.0987664516129,98.3935483870968
2001,140,4.20118193548387,96.058064516129
2001,141,4.30359741935484,93.7225806451613
2001,142,4.40601290322581,91.3870967741936
2001,143,4.50842838709677,89.0516129032258
2001,144,4.61084387096774,86.7161290322581
2001,145,4.71325935483871,84.3806451612903
2001,146,4.81567483870968,82.0451612903226
2001,147,4.91809032258065,79.7096774193548
2001,148,5.02050580645161,77.3741935483871
2001,149,5.12292129032258,75.0387096774194
2001,150,5.22533677419355,72.7032258064516
2001,151,5.32775225806452,70.3677419354839
2001,152,5.43016774193548,68.0322580645161
2001,153,5.53258322580645,65.6967741935484
2001,154,5.63499870967742,63.3612903225806
2001,155,5.73741419354839,61.0258064516129
2001,156,5.83982967741935,58.6903225806452
2001,157,5.94224516129032,56.3548387096774
2001,158,6.04466064516129,54.0193548387097
2001,159,6.14707612903226,51.6838709677419
2001,160,6.24949161290323,49.3483870967742
2001,161,6.35190709677419,47.0129032258065
2001,162,6.45432258064516,44.6774193548387
2001,163,6.55673806451613,42.341935483871
2001,164,6.6591535483871,40.0064516129032
2001,165,6.76156903225806,37.6709677419355
2001,166,6.86398451612903,35.3354838709677
2001,167,6.9664,33
2001,168,6.99741333333333,33.1666666666667
2001,169,7.02842666666667,33.3333333333333
2001,170,7.05944,33.5
2001,171,7.09045333333333,33.6666666666667
2001,172,7.12146666666667,33.8333333333333
2001,173,7.15248,34
2001,174,7.18349333333333,34.1666666666667
2001,175,7.21450666666667,34.3333333333333
2001,176,7.24552,34.5
2001,177,7.27653333333333,34.6666666666667
2001,178,7.30754666666667,34.8333333333333
2001,179,7.33856,35
2001,180,7.36957333333333,35.1666666666667
2001,181,7.40058666666667,35.3333333333333
2001,182,7.4316,35.5
2001,183,7.46261333333333,35.6666666666667
2001,184,7.49362666666667,35.8333333333333
2001,185,7.52464,36
2001,186,7.55565333333333,36.1666666666667
2001,187,7.58666666666667,36.3333333333333
2001,188,7.61768,36.5
2001,189,7.64869333333333,36.6666666666667
2001,190,7.67970666666667,36.8333333333333
2001,191,7.71072,37
2001,192,7.74173333333333,37.1666666666667
2001,193,7.77274666666667,37.3333333333333
2001,194,7.80376,37.5
2001,195,7.83477333333333,37.6666666666667
2001,196,7.86578666666667,37.8333333333333
2001,197,7.8968,38
2001,198,8.05784032258065,38.1290322580645
2001,199,8.21888064516129,38.258064516129
2001,200,8.37992096774193,38.3870967741936
2001,201,8.54096129032258,38.5161290322581
2001,202,8.70200161290323,38.6451612903226
2001,203,8.86304193548387,38.7741935483871
2001,204,9.02408225806452,38.9032258064516
2001,205,9.18512258064516,39.0322580645161
2001,206,9.34616290322581,39.1612903225806
2001,207,9.50720322580645,39.2903225806452
2001,208,9.6682435483871,39.4193548387097
2001,209,9.82928387096774,39.5483870967742
2001,210,9.99032419354839,39.6774193548387
2001,211,10.151364516129,39.8064516129032
2001,212,10.3124048387097,39.9354838709677
2001,213,10.4734451612903,40.0645161290323
2001,214,10.634485483871,40.1935483870968
2001,215,10.7955258064516,40.3225806451613
2001,216,10.9565661290323,40.4516129032258
2001,217,11.1176064516129,40.5806451612903
2001,218,11.2786467741935,40.7096774193548
2001,219,11.4396870967742,40.8387096774194
2001,220,11.6007274193548,40.9677419354839
2001,221,11.7617677419355,41.0967741935484
2001,222,11.9228080645161,41.2258064516129
2001,223,12.0838483870968,41.3548387096774
2001,224,12.2448887096774,41.4838709677419
2001,225,12.4059290322581,41.6129032258064
2001,226,12.5669693548387,41.741935483871
2001,227,12.7280096774194,41.8709677419355
2001,228,12.88905,42
2001,229,13.0584096774194,42.1612903225806
2001,230,13.2277693548387,42.3225806451613
2001,231,13.3971290322581,42.4838709677419
2001,232,13.5664887096774,42.6451612903226
2001,233,13.7358483870968,42.8064516129032
2001,234,13.9052080645161,42.9677419354839
2001,235,14.0745677419355,43.1290322580645
2001,236,14.2439274193548,43.2903225806452
2001,237,14.4132870967742,43.4516129032258
2001,238,14.5826467741935,43.6129032258064
2001,239,14.7520064516129,43.7741935483871
2001,240,14.9213661290323,43.9354838709677
2001,241,15.0907258064516,44.0967741935484
2001,242,15.260085483871,44.258064516129
2001,243,15.4294451612903,44.4193548387097
2001,244,15.5988048387097,44.5806451612903
2001,245,15.768164516129,44.741935483871
2001,246,15.9375241935484,44.9032258064516
2001,247,16.1068838709677,45.0645161290323
2001,248,16.2762435483871,45.2258064516129
2001,249,16.4456032258065,45.3870967741936
2001,250,16.6149629032258,45.5483870967742
2001,251,16.7843225806452,45.7096774193548
2001,252,16.9536822580645,45.8709677419355
2001,253,17.1230419354839,46.0322580645161
2001,254,17.2924016129032,46.1935483870968
2001,255,17.4617612903226,46.3548387096774
2001,256,17.6311209677419,46.5161290322581
2001,257,17.8004806451613,46.6774193548387
2001,258,17.9698403225806,46.8387096774194
2001,259,18.1392,47
2001,260,17.9702444443333,46.6666666666667
2001,261,17.8012888886667,46.3333333333333
2001,262,17.632333333,46
2001,263,17.4633777773333,45.6666666666667
2001,264,17.2944222216667,45.3333333333333
2001,265,17.125466666,45
2001,266,16.9565111103333,44.6666666666667
2001,267,16.7875555546667,44.3333333333333
2001,268,16.618599999,44
2001,269,16.4496444433333,43.6666666666667
2001,270,16.2806888876667,43.3333333333333
2001,271,16.111733332,43
2001,272,15.9427777763333,42.6666666666667
2001,273,15.7738222206667,42.3333333333333
2001,274,15.604866665,42
2001,275,15.4359111093333,41.6666666666667
2001,276,15.2669555536667,41.3333333333333
2001,277,15.097999998,41
2001,278,14.9290444423333,40.6666666666667
2001,279,14.7600888866667,40.3333333333333
2001,280,14.591133331,40
2001,281,14.4221777753333,39.6666666666667
2001,282,14.2532222196667,39.3333333333333
2001,283,14.084266664,39
2001,284,13.9153111083333,38.6666666666667
2001,285,13.7463555526667,38.3333333333333
2001,286,13.577399997,38
2001,287,13.4084444413333,37.6666666666667
2001,288,13.2394888856667,37.3333333333333
2001,289,13.07053333,37
2001,290,12.9971354806452,36.6935483870968
2001,291,12.9237376312903,36.3870967741936
2001,292,12.8503397819355,36.0806451612903
2001,293,12.7769419325806,35.7741935483871
2001,294,12.7035440832258,35.4677419354839
2001,295,12.630146233871,35.1612903225806
2001,296,12.5567483845161,34.8548387096774
2001,297,12.4833505351613,34.5483870967742
2001,298,12.4099526858065,34.241935483871
2001,299,12.3365548364516,33.9354838709677
2001,300,12.2631569870968,33.6290322580645
2001,301,12.1897591377419,33.3225806451613
2001,302,12.1163612883871,33.0161290322581
2001,303,12.0429634390323,32.7096774193548
2001,304,11.9695655896774,32.4032258064516
2001,305,11.8961677403226,32.0967741935484
2001,306,11.8227698909677,31.7903225806452
2001,307,11.7493720416129,31.4838709677419
2001,308,11.6759741922581,31.1774193548387
2001,309,11.6025763429032,30.8709677419355
2001,310,11.5291784935484,30.5645161290323
2001,311,11.4557806441935,30.258064516129
2001,312,11.3823827948387,29.9516129032258
2001,313,11.3089849454839,29.6451612903226
2001,314,11.235587096129,29.3387096774194
2001,315,11.1621892467742,29.0322580645161
2001,316,11.0887913974194,28.7258064516129
2001,317,11.0153935480645,28.4193548387097
2001,318,10.9419956987097,28.1129032258065
2001,319,10.8685978493548,27.8064516129032
2001,320,10.7952,27.5
2001,321,10.6194789262333,27.75
2001,322,10.4437578524667,28
2001,323,10.2680367787,28.25
2001,324,10.0923157049333,28.5
2001,325,9.91659463116667,28.75
2001,326,9.7408735574,29
2001,327,9.56515248363333,29.25
2001,328,9.38943140986667,29.5
2001,329,9.2137103361,29.75
2001,330,9.03798926233333,30
2001,331,8.86226818856667,30.25
2001,332,8.6865471148,30.5
2001,333,8.51082604103333,30.75
2001,334,8.33510496726667,31
2001,335,8.1593838935,31.25
2001,336,7.98366281973333,31.5
2001,337,7.80794174596667,31.75
2001,338,7.6322206722,32
2001,339,7.45649959843333,32.25
2001,340,7.28077852466667,32.5
2001,341,7.1050574509,32.75
2001,342,6.92933637713333,33
2001,343,6.75361530336667,33.25
2001,344,6.5778942296,33.5
2001,345,6.40217315583333,33.75
2001,346,6.22645208206667,34
2001,347,6.0507310083,34.25
2001,348,5.87500993453333,34.5
2001,349,5.69928886076667,34.75
2001,350,5.523567787,35
2001,351,5.44167205193548,34.8064516129032
2001,352,5.35977631687097,34.6129032258064
2001,353,5.27788058180645,34.4193548387097
2001,354,5.19598484674194,34.2258064516129
2001,355,5.11408911167742,34.0322580645161
2001,356,5.0321933766129,33.8387096774194
2001,357,4.95029764154839,33.6451612903226
2001,358,4.86840190648387,33.4516129032258
2001,359,4.78650617141935,33.258064516129
2001,360,4.70461043635484,33.0645161290323
2001,361,4.62271470129032,32.8709677419355
2001,362,4.54081896622581,32.6774193548387
2001,363,4.45892323116129,32.4838709677419
2001,364,4.37702749609677,32.2903225806452
2001,365,4.29513176103226,32.0967741935484
2002,1,4.21323602596774,31.9032258064516
2002,2,4.13134029090323,31.7096774193548
2002,3,4.04944455583871,31.5161290322581
2002,4,3.96754882077419,31.3225806451613
2002,5,3.88565308570968,31.1290322580645
2002,6,3.80375735064516,30.9354838709677
2002,7,3.72186161558064,30.741935483871
2002,8,3.63996588051613,30.5483870967742
2002,9,3.55807014545161,30.3548387096774
2002,10,3.4761744103871,30.1612903225806
2002,11,3.39427867532258,29.9677419354839
2002,12,3.31238294025806,29.7741935483871
2002,13,3.23048720519355,29.5806451612903
2002,14,3.14859147012903,29.3870967741935
2002,15,3.06669573506452,29.1935483870968
2002,16,2.9848,29
2002,17,2.90902135358065,29.3670967741935
2002,18,2.83324270716129,29.7341935483871
2002,19,2.75746406074194,30.1012903225806
2002,20,2.68168541432258,30.4683870967742
2002,21,2.60590676790323,30.8354838709677
2002,22,2.53012812148387,31.2025806451613
2002,23,2.45434947506452,31.5696774193548
2002,24,2.37857082864516,31.9367741935484
2002,25,2.30279218222581,32.3038709677419
2002,26,2.22701353580645,32.6709677419355
2002,27,2.1512348893871,33.038064516129
2002,28,2.07545624296774,33.4051612903226
2002,29,1.99967759654839,33.7722580645161
2002,30,1.92389895012903,34.1393548387097
2002,31,1.84812030370968,34.5064516129032
2002,32,1.77234165729032,34.8735483870968
2002,33,1.69656301087097,35.2406451612903
2002,34,1.62078436445161,35.6077419354839
2002,35,1.54500571803226,35.9748387096774
2002,36,1.4692270716129,36.341935483871
2002,37,1.39344842519355,36.7090322580645
2002,38,1.31766977877419,37.0761290322581
2002,39,1.24189113235484,37.4432258064516
2002,40,1.16611248593548,37.8103225806452
2002,41,1.09033383951613,38.1774193548387
2002,42,1.01455519309677,38.5445161290323
2002,43,0.93877654667742,38.9116129032258
2002,44,0.862997900258065,39.2787096774194
2002,45,0.78721925383871,39.6458064516129
2002,46,0.711440607419355,40.0129032258065
2002,47,0.635661961,40.38
2002,48,0.639056176678572,44.9557142857143
2002,49,0.642450392357143,49.5314285714286
2002,50,0.645844608035714,54.1071428571429
2002,51,0.649238823714286,58.6828571428571
2002,52,0.652633039392857,63.2585714285714
2002,53,0.656027255071429,67.8342857142857
2002,54,0.65942147075,72.41
2002,55,0.662815686428571,76.9857142857143
2002,56,0.666209902107143,81.5614285714286
2002,57,0.669604117785714,86.1371428571429
2002,58,0.672998333464286,90.7128571428571
2002,59,0.676392549142857,95.2885714285714
2002,60,0.679786764821429,99.8642857142857
2002,61,0.6831809805,104.44
2002,62,0.686575196178571,109.015714285714
2002,63,0.689969411857143,113.591428571429
2002,64,0.693363627535714,118.167142857143
2002,65,0.696757843214286,122.742857142857
2002,66,0.700152058892857,127.318571428571
2002,67,0.703546274571429,131.894285714286
2002,68,0.70694049025,136.47
2002,69,0.710334705928571,141.045714285714
2002,70,0.713728921607143,145.621428571429
2002,71,0.717123137285714,150.197142857143
2002,72,0.720517352964286,154.772857142857
2002,73,0.723911568642857,159.348571428571
2002,74,0.727305784321429,163.924285714286
2002,75,0.7307,168.5
2002,76,0.792438709677419,165.741935483871
2002,77,0.854177419354839,162.983870967742
2002,78,0.915916129032258,160.225806451613
2002,79,0.977654838709677,157.467741935484
2002,80,1.0393935483871,154.709677419355
2002,81,1.10113225806452,151.951612903226
2002,82,1.16287096774194,149.193548387097
2002,83,1.22460967741935,146.435483870968
2002,84,1.28634838709677,143.677419354839
2002,85,1.34808709677419,140.91935483871
2002,86,1.40982580645161,138.161290322581
2002,87,1.47156451612903,135.403225806452
2002,88,1.53330322580645,132.645161290323
2002,89,1.59504193548387,129.887096774194
2002,90,1.65678064516129,127.129032258065
2002,91,1.71851935483871,124.370967741935
2002,92,1.78025806451613,121.612903225806
2002,93,1.84199677419355,118.854838709677
2002,94,1.90373548387097,116.096774193548
2002,95,1.96547419354839,113.338709677419
2002,96,2.02721290322581,110.58064516129
2002,97,2.08895161290323,107.822580645161
2002,98,2.15069032258065,105.064516129032
2002,99,2.21242903225806,102.306451612903
2002,100,2.27416774193548,99.5483870967742
2002,101,2.3359064516129,96.7903225806452
2002,102,2.39764516129032,94.0322580645161
2002,103,2.45938387096774,91.2741935483871
2002,104,2.52112258064516,88.5161290322581
2002,105,2.58286129032258,85.758064516129
2002,106,2.6446,83
2002,107,2.69034,80.4
2002,108,2.73608,77.8
2002,109,2.78182,75.2
2002,110,2.82756,72.6
2002,111,2.8733,70
2002,112,2.91904,67.4
2002,113,2.96478,64.8
2002,114,3.01052,62.2
2002,115,3.05626,59.6
2002,116,3.102,57
2002,117,3.14774,54.4
2002,118,3.19348,51.8
2002,119,3.23922,49.2
2002,120,3.28496,46.6
2002,121,3.3307,44
2002,122,3.37644,41.4
2002,123,3.42218,38.8
2002,124,3.46792,36.2
2002,125,3.51366,33.6
2002,126,3.5594,31
2002,127,3.60514,28.4
2002,128,3.65088,25.8
2002,129,3.69662,23.2
2002,130,3.74236,20.6
2002,131,3.7881,18
2002,132,3.83384,15.4
2002,133,3.87958,12.8
2002,134,3.92532,10.2
2002,135,3.97106,7.59999999999999
2002,136,4.0168,5
2002,137,4.13001935483871,6.03225806451613
2002,138,4.24323870967742,7.06451612903226
2002,139,4.35645806451613,8.09677419354839
2002,140,4.46967741935484,9.12903225806452
2002,141,4.58289677419355,10.1612903225806
2002,142,4.69611612903226,11.1935483870968
2002,143,4.80933548387097,12.2258064516129
2002,144,4.92255483870968,13.258064516129
2002,145,5.03577419354839,14.2903225806452
2002,146,5.1489935483871,15.3225806451613
2002,147,5.26221290322581,16.3548387096774
2002,148,5.37543225806452,17.3870967741935
2002,149,5.48865161290323,18.4193548387097
2002,150,5.60187096774194,19.4516129032258
2002,151,5.71509032258064,20.4838709677419
2002,152,5.82830967741936,21.5161290322581
2002,153,5.94152903225806,22.5483870967742
2002,154,6.05474838709677,23.5806451612903
2002,155,6.16796774193548,24.6129032258065
2002,156,6.28118709677419,25.6451612903226
2002,157,6.3944064516129,26.6774193548387
2002,158,6.50762580645161,27.7096774193548
2002,159,6.62084516129032,28.741935483871
2002,160,6.73406451612903,29.7741935483871
2002,161,6.84728387096774,30.8064516129032
2002,162,6.96050322580645,31.8387096774194
2002,163,7.07372258064516,32.8709677419355
2002,164,7.18694193548387,33.9032258064516
2002,165,7.30016129032258,34.9354838709677
2002,166,7.41338064516129,35.9677419354839
2002,167,7.5266,37
2002,168,7.62627777766667,36.5444444443333
2002,169,7.72595555533333,36.0888888886667
2002,170,7.825633333,35.633333333
2002,171,7.92531111066667,35.1777777773333
2002,172,8.02498888833333,34.7222222216667
2002,173,8.124666666,34.266666666
2002,174,8.22434444366667,33.8111111103333
2002,175,8.32402222133333,33.3555555546667
2002,176,8.423699999,32.899999999
2002,177,8.52337777666667,32.4444444433333
2002,178,8.62305555433333,31.9888888876667
2002,179,8.722733332,31.533333332
2002,180,8.82241110966667,31.0777777763333
2002,181,8.92208888733333,30.6222222206667
2002,182,9.021766665,30.166666665
2002,183,9.12144444266667,29.7111111093333
2002,184,9.22112222033333,29.2555555536667
2002,185,9.320799998,28.799999998
2002,186,9.42047777566667,28.3444444423333
2002,187,9.52015555333333,27.8888888866667
2002,188,9.619833331,27.433333331
2002,189,9.71951110866667,26.9777777753333
2002,190,9.81918888633333,26.5222222196667
2002,191,9.918866664,26.066666664
2002,192,10.0185444416667,25.6111111083333
2002,193,10.1182222193333,25.1555555526667
2002,194,10.217899997,24.699999997
2002,195,10.3175777746667,24.2444444413333
2002,196,10.4172555523333,23.7888888856667
2002,197,10.51693333,23.33333333
2002,198,10.6072645129032,23.6451612870968
2002,199,10.6975956958065,23.9569892441935
2002,200,10.7879268787097,24.2688172012903
2002,201,10.8782580616129,24.5806451583871
2002,202,10.9685892445161,24.8924731154839
2002,203,11.0589204274194,25.2043010725806
2002,204,11.1492516103226,25.5161290296774
2002,205,11.2395827932258,25.8279569867742
2002,206,11.329913976129,26.139784943871
2002,207,11.4202451590323,26.4516129009677
2002,208,11.5105763419355,26.7634408580645
2002,209,11.6009075248387,27.0752688151613
2002,210,11.6912387077419,27.3870967722581
2002,211,11.7815698906452,27.6989247293548
2002,212,11.8719010735484,28.0107526864516
2002,213,11.9622322564516,28.3225806435484
2002,214,12.0525634393548,28.6344086006452
2002,215,12.1428946222581,28.9462365577419
2002,216,12.2332258051613,29.2580645148387
2002,217,12.3235569880645,29.5698924719355
2002,218,12.4138881709677,29.8817204290323
2002,219,12.504219353871,30.193548386129
2002,220,12.5945505367742,30.5053763432258
2002,221,12.6848817196774,30.8172043003226
2002,222,12.7752129025806,31.1290322574194
2002,223,12.8655440854839,31.4408602145161
2002,224,12.9558752683871,31.7526881716129
2002,225,13.0462064512903,32.0645161287097
2002,226,13.1365376341935,32.3763440858065
2002,227,13.2268688170968,32.6881720429032
2002,228,13.3172,33
2002,229,13.3543096774194,33.3548387096774
2002,230,13.3914193548387,33.7096774193548
2002,231,13.4285290322581,34.0645161290323
2002,232,13.4656387096774,34.4193548387097
2002,233,13.5027483870968,34.7741935483871
2002,234,13.5398580645161,35.1290322580645
2002,235,13.5769677419355,35.4838709677419
2002,236,13.6140774193548,35.8387096774194
2002,237,13.6511870967742,36.1935483870968
2002,238,13.6882967741935,36.5483870967742
2002,239,13.7254064516129,36.9032258064516
2002,240,13.7625161290323,37.258064516129
2002,241,13.7996258064516,37.6129032258064
2002,242,13.836735483871,37.9677419354839
2002,243,13.8738451612903,38.3225806451613
2002,244,13.9109548387097,38.6774193548387
2002,245,13.948064516129,39.0322580645161
2002,246,13.9851741935484,39.3870967741936
2002,247,14.0222838709677,39.741935483871
2002,248,14.0593935483871,40.0967741935484
2002,249,14.0965032258065,40.4516129032258
2002,250,14.1336129032258,40.8064516129032
2002,251,14.1707225806452,41.1612903225806
2002,252,14.2078322580645,41.5161290322581
2002,253,14.2449419354839,41.8709677419355
2002,254,14.2820516129032,42.2258064516129
2002,255,14.3191612903226,42.5806451612903
2002,256,14.3562709677419,42.9354838709677
2002,257,14.3933806451613,43.2903225806452
2002,258,14.4304903225806,43.6451612903226
2002,259,14.4676,44
2002,260,14.4312033333333,43.8166666666667
2002,261,14.3948066666667,43.6333333333333
2002,262,14.35841,43.45
2002,263,14.3220133333333,43.2666666666667
2002,264,14.2856166666667,43.0833333333333
2002,265,14.24922,42.9
2002,266,14.2128233333333,42.7166666666667
2002,267,14.1764266666667,42.5333333333333
2002,268,14.14003,42.35
2002,269,14.1036333333333,42.1666666666667
2002,270,14.0672366666667,41.9833333333333
2002,271,14.03084,41.8
2002,272,13.9944433333333,41.6166666666667
2002,273,13.9580466666667,41.4333333333333
2002,274,13.92165,41.25
2002,275,13.8852533333333,41.0666666666667
2002,276,13.8488566666667,40.8833333333333
2002,277,13.81246,40.7
2002,278,13.7760633333333,40.5166666666667
2002,279,13.7396666666667,40.3333333333333
2002,280,13.70327,40.15
2002,281,13.6668733333333,39.9666666666667
2002,282,13.6304766666667,39.7833333333333
2002,283,13.59408,39.6
2002,284,13.5576833333333,39.4166666666667
2002,285,13.5212866666667,39.2333333333333
2002,286,13.48489,39.05
2002,287,13.4484933333333,38.8666666666667
2002,288,13.4120966666667,38.6833333333333
2002,289,13.3757,38.5
2002,290,13.2335935483871,38.9677419354839
2002,291,13.0914870967742,39.4354838709677
2002,292,12.9493806451613,39.9032258064516
2002,293,12.8072741935484,40.3709677419355
2002,294,12.6651677419355,40.8387096774194
2002,295,12.5230612903226,41.3064516129032
2002,296,12.3809548387097,41.7741935483871
2002,297,12.2388483870968,42.241935483871
2002,298,12.0967419354839,42.7096774193548
2002,299,11.954635483871,43.1774193548387
2002,300,11.8125290322581,43.6451612903226
2002,301,11.6704225806452,44.1129032258064
2002,302,11.5283161290323,44.5806451612903
2002,303,11.3862096774194,45.0483870967742
2002,304,11.2441032258065,45.5161290322581
2002,305,11.1019967741935,45.9838709677419
2002,306,10.9598903225806,46.4516129032258
2002,307,10.8177838709677,46.9193548387097
2002,308,10.6756774193548,47.3870967741936
2002,309,10.5335709677419,47.8548387096774
2002,310,10.391464516129,48.3225806451613
2002,311,10.2493580645161,48.7903225806452
2002,312,10.1072516129032,49.258064516129
2002,313,9.96514516129032,49.7258064516129
2002,314,9.82303870967742,50.1935483870968
2002,315,9.68093225806452,50.6612903225806
2002,316,9.53882580645161,51.1290322580645
2002,317,9.39671935483871,51.5967741935484
2002,318,9.25461290322581,52.0645161290323
2002,319,9.1125064516129,52.5322580645161
2002,320,8.9704,53
2002,321,8.83052,52.3
2002,322,8.69064,51.6
2002,323,8.55076,50.9
2002,324,8.41088,50.2
2002,325,8.271,49.5
2002,326,8.13112,48.8
2002,327,7.99124,48.1
2002,328,7.85136,47.4
2002,329,7.71148,46.7
2002,330,7.5716,46
2002,331,7.43172,45.3
2002,332,7.29184,44.6
2002,333,7.15196,43.9
2002,334,7.01208,43.2
2002,335,6.8722,42.5
2002,336,6.73232,41.8
2002,337,6.59244,41.1
2002,338,6.45256,40.4
2002,339,6.31268,39.7
2002,340,6.1728,39
2002,341,6.03292,38.3
2002,342,5.89304,37.6
2002,343,5.75316,36.9
2002,344,5.61328,36.2
2002,345,5.4734,35.5
2002,346,5.33352,34.8
2002,347,5.19364,34.1
2002,348,5.05376,33.4
2002,349,4.91388,32.7
2002,350,4.774,32
2002,351,4.71438855154839,31.741935483871
2002,352,4.65477710309677,31.4838709677419
2002,353,4.59516565464516,31.2258064516129
2002,354,4.53555420619355,30.9677419354839
2002,355,4.47594275774194,30.7096774193548
2002,356,4.41633130929032,30.4516129032258
2002,357,4.35671986083871,30.1935483870968
2002,358,4.2971084123871,29.9354838709677
2002,359,4.23749696393548,29.6774193548387
2002,360,4.17788551548387,29.4193548387097
2002,361,4.11827406703226,29.1612903225806
2002,362,4.05866261858065,28.9032258064516
2002,363,3.99905117012903,28.6451612903226
2002,364,3.93943972167742,28.3870967741935
2002,365,3.87982827322581,28.1290322580645
2003,1,3.82021682477419,27.8709677419355
2003,2,3.76060537632258,27.6129032258065
2003,3,3.70099392787097,27.3548387096774
2003,4,3.64138247941936,27.0967741935484
2003,5,3.58177103096774,26.8387096774194
2003,6,3.52215958251613,26.5806451612903
2003,7,3.46254813406452,26.3225806451613
2003,8,3.4029366856129,26.0645161290323
2003,9,3.34332523716129,25.8064516129032
2003,10,3.28371378870968,25.5483870967742
2003,11,3.22410234025806,25.2903225806452
2003,12,3.16449089180645,25.0322580645161
2003,13,3.10487944335484,24.7741935483871
2003,14,3.04526799490323,24.5161290322581
2003,15,2.98565654645161,24.258064516129
2003,16,2.926045098,24
2003,17,2.86394041741935,23.5806451612903
2003,18,2.80183573683871,23.1612903225806
2003,19,2.73973105625806,22.741935483871
2003,20,2.67762637567742,22.3225806451613
2003,21,2.61552169509677,21.9032258064516
2003,22,2.55341701451613,21.4838709677419
2003,23,2.49131233393548,21.0645161290323
2003,24,2.42920765335484,20.6451612903226
2003,25,2.36710297277419,20.2258064516129
2003,26,2.30499829219355,19.8064516129032
2003,27,2.2428936116129,19.3870967741935
2003,28,2.18078893103226,18.9677419354839
2003,29,2.11868425045161,18.5483870967742
2003,30,2.05657956987097,18.1290322580645
2003,31,1.99447488929032,17.7096774193548
2003,32,1.93237020870968,17.2903225806452
2003,33,1.87026552812903,16.8709677419355
2003,34,1.80816084754839,16.4516129032258
2003,35,1.74605616696774,16.0322580645161
2003,36,1.6839514863871,15.6129032258065
2003,37,1.62184680580645,15.1935483870968
2003,38,1.55974212522581,14.7741935483871
2003,39,1.49763744464516,14.3548387096774
2003,40,1.43553276406452,13.9354838709677
2003,41,1.37342808348387,13.5161290322581
2003,42,1.31132340290323,13.0967741935484
2003,43,1.24921872232258,12.6774193548387
2003,44,1.18711404174194,12.258064516129
2003,45,1.12500936116129,11.8387096774194
2003,46,1.06290468058065,11.4193548387097
2003,47,1.0008,11
2003,48,0.919166666678571,15.0178571428571
2003,49,0.837533333357143,19.0357142857143
2003,50,0.755900000035714,23.0535714285714
2003,51,0.674266666714286,27.0714285714286
2003,52,0.592633333392857,31.0892857142857
2003,53,0.511000000071429,35.1071428571429
2003,54,0.42936666675,39.125
2003,55,0.347733333428571,43.1428571428571
2003,56,0.266100000107143,47.1607142857143
2003,57,0.184466666785714,51.1785714285714
2003,58,0.102833333464286,55.1964285714286
2003,59,0.0212000001428573,59.2142857142857
2003,60,-0.0604333331785714,63.2321428571429
2003,61,-0.1420666665,67.25
2003,62,-0.223699999821428,71.2678571428571
2003,63,-0.305333333142857,75.2857142857143
2003,64,-0.386966666464285,79.3035714285714
2003,65,-0.468599999785714,83.3214285714286
2003,66,-0.550233333107143,87.3392857142857
2003,67,-0.631866666428571,91.3571428571429
2003,68,-0.71349999975,95.375
2003,69,-0.795133333071428,99.3928571428571
2003,70,-0.876766666392857,103.410714285714
2003,71,-0.958399999714285,107.428571428571
2003,72,-1.04003333303571,111.446428571429
2003,73,-1.12166666635714,115.464285714286
2003,74,-1.20329999967857,119.482142857143
2003,75,-1.284933333,123.5
2003,76,-1.23023870935484,142.870967741935
2003,77,-1.17554408570968,162.241935483871
2003,78,-1.12084946206452,181.612903225806
2003,79,-1.06615483841935,200.983870967742
2003,80,-1.01146021477419,220.354838709677
2003,81,-0.956765591129032,239.725806451613
2003,82,-0.902070967483871,259.096774193548
2003,83,-0.84737634383871,278.467741935484
2003,84,-0.792681720193548,297.838709677419
2003,85,-0.737987096548387,317.209677419355
2003,86,-0.683292472903226,336.58064516129
2003,87,-0.628597849258064,355.951612903226
2003,88,-0.573903225612903,375.322580645161
2003,89,-0.519208601967742,394.693548387097
2003,90,-0.464513978322581,414.064516129032
2003,91,-0.409819354677419,433.435483870968
2003,92,-0.355124731032258,452.806451612903
2003,93,-0.300430107387097,472.177419354839
2003,94,-0.245735483741935,491.548387096774
2003,95,-0.191040860096774,510.91935483871
2003,96,-0.136346236451613,530.290322580645
2003,97,-0.0816516128064515,549.661290322581
2003,98,-0.0269569891612902,569.032258064516
2003,99,0.0277376344838711,588.403225806452
2003,100,0.0824322581290322,607.774193548387
2003,101,0.137126881774194,627.145161290323
2003,102,0.191821505419355,646.516129032258
2003,103,0.246516129064516,665.887096774194
2003,104,0.301210752709677,685.258064516129
2003,105,0.355905376354839,704.629032258065
2003,106,0.4106,724
2003,107,0.536233333333333,700.733333333333
2003,108,0.661866666666667,677.466666666667
2003,109,0.7875,654.2
2003,110,0.913133333333333,630.933333333333
2003,111,1.03876666666667,607.666666666667
2003,112,1.1644,584.4
2003,113,1.29003333333333,561.133333333333
2003,114,1.41566666666667,537.866666666667
2003,115,1.5413,514.6
2003,116,1.66693333333333,491.333333333333
2003,117,1.79256666666667,468.066666666667
2003,118,1.9182,444.8
2003,119,2.04383333333333,421.533333333333
2003,120,2.16946666666667,398.266666666667
2003,121,2.2951,375
2003,122,2.42073333333333,351.733333333333
2003,123,2.54636666666667,328.466666666667
2003,124,2.672,305.2
2003,125,2.79763333333333,281.933333333333
2003,126,2.92326666666667,258.666666666667
2003,127,3.0489,235.4
2003,128,3.17453333333333,212.133333333333
2003,129,3.30016666666667,188.866666666667
2003,130,3.4258,165.6
2003,131,3.55143333333333,142.333333333333
2003,132,3.67706666666667,119.066666666667
2003,133,3.8027,95.8
2003,134,3.92833333333333,72.5333333333333
2003,135,4.05396666666667,49.2666666666667
2003,136,4.1796,26
2003,137,4.30507049622581,26.2402991203226
2003,138,4.43054099245161,26.4805982406452
2003,139,4.55601148867742,26.7208973609677
2003,140,4.68148198490323,26.9611964812903
2003,141,4.80695248112903,27.2014956016129
2003,142,4.93242297735484,27.4417947219355
2003,143,5.05789347358064,27.6820938422581
2003,144,5.18336396980645,27.9223929625806
2003,145,5.30883446603226,28.1626920829032
2003,146,5.43430496225806,28.4029912032258
2003,147,5.55977545848387,28.6432903235484
2003,148,5.68524595470968,28.883589443871
2003,149,5.81071645093548,29.1238885641935
2003,150,5.93618694716129,29.3641876845161
2003,151,6.0616574433871,29.6044868048387
2003,152,6.1871279396129,29.8447859251613
2003,153,6.31259843583871,30.0850850454839
2003,154,6.43806893206452,30.3253841658065
2003,155,6.56353942829032,30.565683286129
2003,156,6.68900992451613,30.8059824064516
2003,157,6.81448042074194,31.0462815267742
2003,158,6.93995091696774,31.2865806470968
2003,159,7.06542141319355,31.5268797674194
2003,160,7.19089190941935,31.7671788877419
2003,161,7.31636240564516,32.0074780080645
2003,162,7.44183290187097,32.2477771283871
2003,163,7.56730339809677,32.4880762487097
2003,164,7.69277389432258,32.7283753690323
2003,165,7.81824439054839,32.9686744893548
2003,166,7.94371488677419,33.2089736096774
2003,167,8.069185383,33.44927273
2003,168,8.05142587023333,34.1176303056667
2003,169,8.03366635746667,34.7859878813333
2003,170,8.0159068447,35.454345457
2003,171,7.99814733193333,36.1227030326667
2003,172,7.98038781916667,36.7910606083333
2003,173,7.9626283064,37.459418184
2003,174,7.94486879363333,38.1277757596667
2003,175,7.92710928086667,38.7961333353333
2003,176,7.9093497681,39.464490911
2003,177,7.89159025533333,40.1328484866667
2003,178,7.87383074256667,40.8012060623333
2003,179,7.8560712298,41.469563638
2003,180,7.83831171703333,42.1379212136667
2003,181,7.82055220426667,42.8062787893333
2003,182,7.8027926915,43.474636365
2003,183,7.78503317873333,44.1429939406667
2003,184,7.76727366596667,44.8113515163333
2003,185,7.7495141532,45.479709092
2003,186,7.73175464043333,46.1480666676667
2003,187,7.71399512766667,46.8164242433333
2003,188,7.6962356149,47.484781819
2003,189,7.67847610213333,48.1531393946667
2003,190,7.66071658936667,48.8214969703333
2003,191,7.6429570766,49.489854546
2003,192,7.62519756383333,50.1582121216667
2003,193,7.60743805106667,50.8265696973333
2003,194,7.5896785383,51.494927273
2003,195,7.57191902553333,52.1632848486667
2003,196,7.55415951276667,52.8316424243333
2003,197,7.5364,53.5
2003,198,7.67046451612903,53.0645161290323
2003,199,7.80452903225807,52.6290322580645
2003,200,7.9385935483871,52.1935483870968
2003,201,8.07265806451613,51.758064516129
2003,202,8.20672258064516,51.3225806451613
2003,203,8.34078709677419,50.8870967741936
2003,204,8.47485161290323,50.4516129032258
2003,205,8.60891612903226,50.0161290322581
2003,206,8.74298064516129,49.5806451612903
2003,207,8.87704516129032,49.1451612903226
2003,208,9.01110967741936,48.7096774193548
2003,209,9.14517419354839,48.2741935483871
2003,210,9.27923870967742,47.8387096774194
2003,211,9.41330322580645,47.4032258064516
2003,212,9.54736774193548,46.9677419354839
2003,213,9.68143225806452,46.5322580645161
2003,214,9.81549677419355,46.0967741935484
2003,215,9.94956129032258,45.6612903225806
2003,216,10.0836258064516,45.2258064516129
2003,217,10.2176903225806,44.7903225806452
2003,218,10.3517548387097,44.3548387096774
2003,219,10.4858193548387,43.9193548387097
2003,220,10.6198838709677,43.4838709677419
2003,221,10.7539483870968,43.0483870967742
2003,222,10.8880129032258,42.6129032258064
2003,223,11.0220774193548,42.1774193548387
2003,224,11.1561419354839,41.741935483871
2003,225,11.2902064516129,41.3064516129032
2003,226,11.4242709677419,40.8709677419355
2003,227,11.558335483871,40.4354838709677
2003,228,11.6924,40
2003,229,11.7800903225806,40.758064516129
2003,230,11.8677806451613,41.5161290322581
2003,231,11.9554709677419,42.2741935483871
2003,232,12.0431612903226,43.0322580645161
2003,233,12.1308516129032,43.7903225806452
2003,234,12.2185419354839,44.5483870967742
2003,235,12.3062322580645,45.3064516129032
2003,236,12.3939225806452,46.0645161290323
2003,237,12.4816129032258,46.8225806451613
2003,238,12.5693032258065,47.5806451612903
2003,239,12.6569935483871,48.3387096774194
2003,240,12.7446838709677,49.0967741935484
2003,241,12.8323741935484,49.8548387096774
2003,242,12.920064516129,50.6129032258064
2003,243,13.0077548387097,51.3709677419355
2003,244,13.0954451612903,52.1290322580645
2003,245,13.183135483871,52.8870967741936
2003,246,13.2708258064516,53.6451612903226
2003,247,13.3585161290323,54.4032258064516
2003,248,13.4462064516129,55.1612903225806
2003,249,13.5338967741935,55.9193548387097
2003,250,13.6215870967742,56.6774193548387
2003,251,13.7092774193548,57.4354838709677
2003,252,13.7969677419355,58.1935483870968
2003,253,13.8846580645161,58.9516129032258
2003,254,13.9723483870968,59.7096774193548
2003,255,14.0600387096774,60.4677419354839
2003,256,14.1477290322581,61.2258064516129
2003,257,14.2354193548387,61.9838709677419
2003,258,14.3231096774194,62.741935483871
2003,259,14.4108,63.5
2003,260,14.3490533333333,62.95
2003,261,14.2873066666667,62.4
2003,262,14.22556,61.85
2003,263,14.1638133333333,61.3
2003,264,14.1020666666667,60.75
2003,265,14.04032,60.2
2003,266,13.9785733333333,59.65
2003,267,13.9168266666667,59.1
2003,268,13.85508,58.55
2003,269,13.7933333333333,58
2003,270,13.7315866666667,57.45
2003,271,13.66984,56.9
2003,272,13.6080933333333,56.35
2003,273,13.5463466666667,55.8
2003,274,13.4846,55.25
2003,275,13.4228533333333,54.7
2003,276,13.3611066666667,54.15
2003,277,13.29936,53.6
2003,278,13.2376133333333,53.05
2003,279,13.1758666666667,52.5
2003,280,13.11412,51.95
2003,281,13.0523733333333,51.4
2003,282,12.9906266666667,50.85
2003,283,12.92888,50.3
2003,284,12.8671333333333,49.75
2003,285,12.8053866666667,49.2
2003,286,12.74364,48.65
2003,287,12.6818933333333,48.1
2003,288,12.6201466666667,47.55
2003,289,12.5584,47
2003,290,12.4829677419355,47.0645161290323
2003,291,12.407535483871,47.1290322580645
2003,292,12.3321032258065,47.1935483870968
2003,293,12.2566709677419,47.258064516129
2003,294,12.1812387096774,47.3225806451613
2003,295,12.1058064516129,47.3870967741936
2003,296,12.0303741935484,47.4516129032258
2003,297,11.9549419354839,47.5161290322581
2003,298,11.8795096774194,47.5806451612903
2003,299,11.8040774193548,47.6451612903226
2003,300,11.7286451612903,47.7096774193548
2003,301,11.6532129032258,47.7741935483871
2003,302,11.5777806451613,47.8387096774194
2003,303,11.5023483870968,47.9032258064516
2003,304,11.4269161290323,47.9677419354839
2003,305,11.3514838709677,48.0322580645161
2003,306,11.2760516129032,48.0967741935484
2003,307,11.2006193548387,48.1612903225806
2003,308,11.1251870967742,48.2258064516129
2003,309,11.0497548387097,48.2903225806452
2003,310,10.9743225806452,48.3548387096774
2003,311,10.8988903225806,48.4193548387097
2003,312,10.8234580645161,48.4838709677419
2003,313,10.7480258064516,48.5483870967742
2003,314,10.6725935483871,48.6129032258064
2003,315,10.5971612903226,48.6774193548387
2003,316,10.5217290322581,48.741935483871
2003,317,10.4462967741935,48.8064516129032
2003,318,10.370864516129,48.8709677419355
2003,319,10.2954322580645,48.9354838709677
2003,320,10.22,49
2003,321,10.027,48.3
2003,322,9.834,47.6
2003,323,9.641,46.9
2003,324,9.448,46.2
2003,325,9.255,45.5
2003,326,9.062,44.8
2003,327,8.869,44.1
2003,328,8.676,43.4
2003,329,8.483,42.7
2003,330,8.29,42
2003,331,8.097,41.3
2003,332,7.904,40.6
2003,333,7.711,39.9
2003,334,7.518,39.2
2003,335,7.325,38.5
2003,336,7.132,37.8
2003,337,6.939,37.1
2003,338,6.746,36.4
2003,339,6.553,35.7
2003,340,6.36,35
2003,341,6.167,34.3
2003,342,5.974,33.6
2003,343,5.781,32.9
2003,344,5.588,32.2
2003,345,5.395,31.5
2003,346,5.202,30.8
2003,347,5.009,30.1
2003,348,4.816,29.4
2003,349,4.623,28.7
2003,350,4.43,28
2003,351,4.3541935483871,27.9387096774194
2003,352,4.27838709677419,27.8774193548387
2003,353,4.20258064516129,27.8161290322581
2003,354,4.12677419354839,27.7548387096774
2003,355,4.05096774193548,27.6935483870968
2003,356,3.97516129032258,27.6322580645161
2003,357,3.89935483870968,27.5709677419355
2003,358,3.82354838709677,27.5096774193548
2003,359,3.74774193548387,27.4483870967742
2003,360,3.67193548387097,27.3870967741935
2003,361,3.59612903225806,27.3258064516129
2003,362,3.52032258064516,27.2645161290323
2003,363,3.44451612903226,27.2032258064516
2003,364,3.36870967741935,27.141935483871
2003,365,3.29290322580645,27.0806451612903
2004,1,3.21709677419355,27.0193548387097
2004,2,3.14129032258065,26.958064516129
2004,3,3.06548387096774,26.8967741935484
2004,4,2.98967741935484,26.8354838709677
2004,5,2.91387096774194,26.7741935483871
2004,6,2.83806451612903,26.7129032258065
2004,7,2.76225806451613,26.6516129032258
2004,8,2.68645161290323,26.5903225806452
2004,9,2.61064516129032,26.5290322580645
2004,10,2.53483870967742,26.4677419354839
2004,11,2.45903225806452,26.4064516129032
2004,12,2.38322580645161,26.3451612903226
2004,13,2.30741935483871,26.2838709677419
2004,14,2.23161290322581,26.2225806451613
2004,15,2.1558064516129,26.1612903225806
2004,16,2.08,26.1
2004,17,2.00905806451613,26.1677419354839
2004,18,1.93811612903226,26.2354838709677
2004,19,1.86717419354839,26.3032258064516
2004,20,1.79623225806452,26.3709677419355
2004,21,1.72529032258065,26.4387096774194
2004,22,1.65434838709677,26.5064516129032
2004,23,1.5834064516129,26.5741935483871
2004,24,1.51246451612903,26.641935483871
2004,25,1.44152258064516,26.7096774193548
2004,26,1.37058064516129,26.7774193548387
2004,27,1.29963870967742,26.8451612903226
2004,28,1.22869677419355,26.9129032258065
2004,29,1.15775483870968,26.9806451612903
2004,30,1.08681290322581,27.0483870967742
2004,31,1.01587096774194,27.1161290322581
2004,32,0.944929032258065,27.1838709677419
2004,33,0.873987096774194,27.2516129032258
2004,34,0.803045161290322,27.3193548387097
2004,35,0.732103225806451,27.3870967741935
2004,36,0.661161290322581,27.4548387096774
2004,37,0.59021935483871,27.5225806451613
2004,38,0.519277419354839,27.5903225806452
2004,39,0.448335483870968,27.658064516129
2004,40,0.377393548387097,27.7258064516129
2004,41,0.306451612903226,27.7935483870968
2004,42,0.235509677419355,27.8612903225806
2004,43,0.164567741935484,27.9290322580645
2004,44,0.0936258064516129,27.9967741935484
2004,45,0.0226838709677417,28.0645161290323
2004,46,-0.0482580645161295,28.1322580645161
2004,47,-0.1192,28.2
2004,48,-0.1562,28.5714285714286
2004,49,-0.1932,28.9428571428571
2004,50,-0.2302,29.3142857142857
2004,51,-0.2672,29.6857142857143
2004,52,-0.3042,30.0571428571429
2004,53,-0.3412,30.4285714285714
2004,54,-0.3782,30.8
2004,55,-0.4152,31.1714285714286
2004,56,-0.4522,31.5428571428571
2004,57,-0.4892,31.9142857142857
2004,58,-0.5262,32.2857142857143
2004,59,-0.5632,32.6571428571429
2004,60,-0.6002,33.0285714285714
2004,61,-0.6372,33.4
2004,62,-0.6742,33.7714285714286
2004,63,-0.7112,34.1428571428571
2004,64,-0.7482,34.5142857142857
2004,65,-0.7852,34.8857142857143
2004,66,-0.8222,35.2571428571429
2004,67,-0.8592,35.6285714285714
2004,68,-0.8962,36
2004,69,-0.9332,36.3714285714286
2004,70,-0.9702,36.7428571428571
2004,71,-1.0072,37.1142857142857
2004,72,-1.0442,37.4857142857143
2004,73,-1.0812,37.8571428571429
2004,74,-1.1182,38.2285714285714
2004,75,-1.1552,38.6
2004,76,-1.07827096774194,47.7
2004,77,-1.00134193548387,56.8
2004,78,-0.924412903225806,65.9
2004,79,-0.847483870967742,75
2004,80,-0.770554838709677,84.1
2004,81,-0.693625806451613,93.2
2004,82,-0.616696774193548,102.3
2004,83,-0.539767741935484,111.4
2004,84,-0.462838709677419,120.5
2004,85,-0.385909677419355,129.6
2004,86,-0.30898064516129,138.7
2004,87,-0.232051612903226,147.8
2004,88,-0.155122580645161,156.9
2004,89,-0.0781935483870968,166
2004,90,-0.00126451612903211,175.1
2004,91,0.0756645161290324,184.2
2004,92,0.152593548387097,193.3
2004,93,0.229522580645162,202.4
2004,94,0.306451612903226,211.5
2004,95,0.38338064516129,220.6
2004,96,0.460309677419355,229.7
2004,97,0.53723870967742,238.8
2004,98,0.614167741935484,247.9
2004,99,0.691096774193549,257
2004,100,0.768025806451613,266.1
2004,101,0.844954838709678,275.2
2004,102,0.921883870967742,284.3
2004,103,0.998812903225806,293.4
2004,104,1.07574193548387,302.5
2004,105,1.15267096774194,311.6
2004,106,1.2296,320.7
2004,107,1.3116554386,310.975
2004,108,1.3937108772,301.25
2004,109,1.4757663158,291.525
2004,110,1.5578217544,281.8
2004,111,1.639877193,272.075
2004,112,1.7219326316,262.35
2004,113,1.8039880702,252.625
2004,114,1.8860435088,242.9
2004,115,1.9680989474,233.175
2004,116,2.050154386,223.45
2004,117,2.1322098246,213.725
2004,118,2.2142652632,204
2004,119,2.2963207018,194.275
2004,120,2.3783761404,184.55
2004,121,2.460431579,174.825
2004,122,2.5424870176,165.1
2004,123,2.6245424562,155.375
2004,124,2.7065978948,145.65
2004,125,2.7886533334,135.925
2004,126,2.870708772,126.2
2004,127,2.9527642106,116.475
2004,128,3.0348196492,106.75
2004,129,3.1168750878,97.025
2004,130,3.1989305264,87.3
2004,131,3.280985965,77.575
2004,132,3.3630414036,67.85
2004,133,3.4450968422,58.125
2004,134,3.5271522808,48.4
2004,135,3.6092077194,38.675
2004,136,3.691263158,28.95
2004,137,3.83248645558065,28.7322580645161
2004,138,3.97370975316129,28.5145161290323
2004,139,4.11493305074194,28.2967741935484
2004,140,4.25615634832258,28.0790322580645
2004,141,4.39737964590323,27.8612903225806
2004,142,4.53860294348387,27.6435483870968
2004,143,4.67982624106452,27.4258064516129
2004,144,4.82104953864516,27.208064516129
2004,145,4.96227283622581,26.9903225806452
2004,146,5.10349613380645,26.7725806451613
2004,147,5.2447194313871,26.5548387096774
2004,148,5.38594272896774,26.3370967741935
2004,149,5.52716602654839,26.1193548387097
2004,150,5.66838932412903,25.9016129032258
2004,151,5.80961262170968,25.6838709677419
2004,152,5.95083591929032,25.4661290322581
2004,153,6.09205921687097,25.2483870967742
2004,154,6.23328251445161,25.0306451612903
2004,155,6.37450581203226,24.8129032258065
2004,156,6.5157291096129,24.5951612903226
2004,157,6.65695240719355,24.3774193548387
2004,158,6.79817570477419,24.1596774193548
2004,159,6.93939900235484,23.941935483871
2004,160,7.08062229993548,23.7241935483871
2004,161,7.22184559751613,23.5064516129032
2004,162,7.36306889509678,23.2887096774194
2004,163,7.50429219267742,23.0709677419355
2004,164,7.64551549025806,22.8532258064516
2004,165,7.78673878783871,22.6354838709677
2004,166,7.92796208541936,22.4177419354839
2004,167,8.069185383,22.2
2004,168,8.20439920356667,23.5433333333333
2004,169,8.33961302413333,24.8866666666667
2004,170,8.4748268447,26.23
2004,171,8.61004066526667,27.5733333333333
2004,172,8.74525448583333,28.9166666666667
2004,173,8.8804683064,30.26
2004,174,9.01568212696667,31.6033333333333
2004,175,9.15089594753333,32.9466666666667
2004,176,9.2861097681,34.29
2004,177,9.42132358866667,35.6333333333333
2004,178,9.55653740923333,36.9766666666667
2004,179,9.6917512298,38.32
2004,180,9.82696505036667,39.6633333333333
2004,181,9.96217887093333,41.0066666666667
2004,182,10.0973926915,42.35
2004,183,10.2326065120667,43.6933333333333
2004,184,10.3678203326333,45.0366666666667
2004,185,10.5030341532,46.38
2004,186,10.6382479737667,47.7233333333333
2004,187,10.7734617943333,49.0666666666667
2004,188,10.9086756149,50.41
2004,189,11.0438894354667,51.7533333333333
2004,190,11.1791032560333,53.0966666666667
2004,191,11.3143170766,54.44
2004,192,11.4495308971667,55.7833333333333
2004,193,11.5847447177333,57.1266666666667
2004,194,11.7199585383,58.47
2004,195,11.8551723588667,59.8133333333333
2004,196,11.9903861794333,61.1566666666667
2004,197,12.1256,62.5
2004,198,12.2198709677419,61.9032258064516
2004,199,12.3141419354839,61.3064516129032
2004,200,12.4084129032258,60.7096774193548
2004,201,12.5026838709677,60.1129032258064
2004,202,12.5969548387097,59.5161290322581
2004,203,12.6912258064516,58.9193548387097
2004,204,12.7854967741935,58.3225806451613
2004,205,12.8797677419355,57.7258064516129
2004,206,12.9740387096774,57.1290322580645
2004,207,13.0683096774194,56.5322580645161
2004,208,13.1625806451613,55.9354838709677
2004,209,13.2568516129032,55.3387096774194
2004,210,13.3511225806452,54.741935483871
2004,211,13.4453935483871,54.1451612903226
2004,212,13.539664516129,53.5483870967742
2004,213,13.633935483871,52.9516129032258
2004,214,13.7282064516129,52.3548387096774
2004,215,13.8224774193548,51.758064516129
2004,216,13.9167483870968,51.1612903225806
2004,217,14.0110193548387,50.5645161290323
2004,218,14.1052903225806,49.9677419354839
2004,219,14.1995612903226,49.3709677419355
2004,220,14.2938322580645,48.7741935483871
2004,221,14.3881032258065,48.1774193548387
2004,222,14.4823741935484,47.5806451612903
2004,223,14.5766451612903,46.9838709677419
2004,224,14.6709161290323,46.3870967741936
2004,225,14.7651870967742,45.7903225806452
2004,226,14.8594580645161,45.1935483870968
2004,227,14.9537290322581,44.5967741935484
2004,228,15.048,44
2004,229,15.0473419354839,43.6677419354839
2004,230,15.0466838709677,43.3354838709677
2004,231,15.0460258064516,43.0032258064516
2004,232,15.0453677419355,42.6709677419355
2004,233,15.0447096774194,42.3387096774194
2004,234,15.0440516129032,42.0064516129032
2004,235,15.0433935483871,41.6741935483871
2004,236,15.042735483871,41.341935483871
2004,237,15.0420774193548,41.0096774193548
2004,238,15.0414193548387,40.6774193548387
2004,239,15.0407612903226,40.3451612903226
2004,240,15.0401032258065,40.0129032258065
2004,241,15.0394451612903,39.6806451612903
2004,242,15.0387870967742,39.3483870967742
2004,243,15.0381290322581,39.0161290322581
2004,244,15.0374709677419,38.6838709677419
2004,245,15.0368129032258,38.3516129032258
2004,246,15.0361548387097,38.0193548387097
2004,247,15.0354967741935,37.6870967741935
2004,248,15.0348387096774,37.3548387096774
2004,249,15.0341806451613,37.0225806451613
2004,250,15.0335225806452,36.6903225806452
2004,251,15.032864516129,36.358064516129
2004,252,15.0322064516129,36.0258064516129
2004,253,15.0315483870968,35.6935483870968
2004,254,15.0308903225806,35.3612903225806
2004,255,15.0302322580645,35.0290322580645
2004,256,15.0295741935484,34.6967741935484
2004,257,15.0289161290323,34.3645161290323
2004,258,15.0282580645161,34.0322580645161
2004,259,15.0276,33.7
2004,260,14.9585933333333,33.57
2004,261,14.8895866666667,33.44
2004,262,14.82058,33.31
2004,263,14.7515733333333,33.18
2004,264,14.6825666666667,33.05
2004,265,14.61356,32.92
2004,266,14.5445533333333,32.79
2004,267,14.4755466666667,32.66
2004,268,14.40654,32.53
2004,269,14.3375333333333,32.4
2004,270,14.2685266666667,32.27
2004,271,14.19952,32.14
2004,272,14.1305133333333,32.01
2004,273,14.0615066666667,31.88
2004,274,13.9925,31.75
2004,275,13.9234933333333,31.62
2004,276,13.8544866666667,31.49
2004,277,13.78548,31.36
2004,278,13.7164733333333,31.23
2004,279,13.6474666666667,31.1
2004,280,13.57846,30.97
2004,281,13.5094533333333,30.84
2004,282,13.4404466666667,30.71
2004,283,13.37144,30.58
2004,284,13.3024333333333,30.45
2004,285,13.2334266666667,30.32
2004,286,13.16442,30.19
2004,287,13.0954133333333,30.06
2004,288,13.0264066666667,29.93
2004,289,12.9574,29.8
2004,290,12.7812774193548,30.1677419354839
2004,291,12.6051548387097,30.5354838709677
2004,292,12.4290322580645,30.9032258064516
2004,293,12.2529096774194,31.2709677419355
2004,294,12.0767870967742,31.6387096774194
2004,295,11.900664516129,32.0064516129032
2004,296,11.7245419354839,32.3741935483871
2004,297,11.5484193548387,32.741935483871
2004,298,11.3722967741935,33.1096774193548
2004,299,11.1961741935484,33.4774193548387
2004,300,11.0200516129032,33.8451612903226
2004,301,10.8439290322581,34.2129032258065
2004,302,10.6678064516129,34.5806451612903
2004,303,10.4916838709677,34.9483870967742
2004,304,10.3155612903226,35.3161290322581
2004,305,10.1394387096774,35.6838709677419
2004,306,9.96331612903226,36.0516129032258
2004,307,9.7871935483871,36.4193548387097
2004,308,9.61107096774194,36.7870967741936
2004,309,9.43494838709677,37.1548387096774
2004,310,9.25882580645161,37.5225806451613
2004,311,9.08270322580645,37.8903225806452
2004,312,8.90658064516129,38.258064516129
2004,313,8.73045806451613,38.6258064516129
2004,314,8.55433548387097,38.9935483870968
2004,315,8.37821290322581,39.3612903225807
2004,316,8.20209032258064,39.7290322580645
2004,317,8.02596774193549,40.0967741935484
2004,318,7.84984516129032,40.4645161290323
2004,319,7.67372258064516,40.8322580645161
2004,320,7.4976,41.2
2004,321,7.39605333333333,40.5933333333333
2004,322,7.29450666666667,39.9866666666667
2004,323,7.19296,39.38
2004,324,7.09141333333333,38.7733333333333
2004,325,6.98986666666667,38.1666666666667
2004,326,6.88832,37.56
2004,327,6.78677333333333,36.9533333333333
2004,328,6.68522666666667,36.3466666666667
2004,329,6.58368,35.74
2004,330,6.48213333333333,35.1333333333333
2004,331,6.38058666666667,34.5266666666667
2004,332,6.27904,33.92
2004,333,6.17749333333333,33.3133333333333
2004,334,6.07594666666667,32.7066666666667
2004,335,5.9744,32.1
2004,336,5.87285333333333,31.4933333333333
2004,337,5.77130666666667,30.8866666666667
2004,338,5.66976,30.28
2004,339,5.56821333333333,29.6733333333333
2004,340,5.46666666666667,29.0666666666667
2004,341,5.36512,28.46
2004,342,5.26357333333333,27.8533333333333
2004,343,5.16202666666667,27.2466666666667
2004,344,5.06048,26.64
2004,345,4.95893333333333,26.0333333333333
2004,346,4.85738666666667,25.4266666666667
2004,347,4.75584,24.82
2004,348,4.65429333333333,24.2133333333333
2004,349,4.55274666666667,23.6066666666667
2004,350,4.4512,23
2004,351,4.40200145477419,23.1203942651613
2004,352,4.35280290954839,23.2407885303226
2004,353,4.30360436432258,23.3611827954839
2004,354,4.25440581909677,23.4815770606452
2004,355,4.20520727387097,23.6019713258065
2004,356,4.15600872864516,23.7223655909677
2004,357,4.10681018341935,23.842759856129
2004,358,4.05761163819355,23.9631541212903
2004,359,4.00841309296774,24.0835483864516
2004,360,3.95921454774194,24.2039426516129
2004,361,3.91001600251613,24.3243369167742
2004,362,3.86081745729032,24.4447311819355
2004,363,3.81161891206452,24.5651254470968
2004,364,3.76242036683871,24.6855197122581
2004,365,3.7132218216129,24.8059139774194
2005,1,3.6640232763871,24.9263082425806
2005,2,3.61482473116129,25.0467025077419
2005,3,3.56562618593548,25.1670967729032
2005,4,3.51642764070968,25.2874910380645
2005,5,3.46722909548387,25.4078853032258
2005,6,3.41803055025806,25.5282795683871
2005,7,3.36883200503226,25.6486738335484
2005,8,3.31963345980645,25.7690680987097
2005,9,3.27043491458064,25.889462363871
2005,10,3.22123636935484,26.0098566290323
2005,11,3.17203782412903,26.1302508941935
2005,12,3.12283927890323,26.2506451593548
2005,13,3.07364073367742,26.3710394245161
2005,14,3.02444218845161,26.4914336896774
2005,15,2.97524364322581,26.6118279548387
2005,16,2.926045098,26.73222222
2005,17,2.84893396580645,26.9892473096774
2005,18,2.7718228336129,27.2462723993548
2005,19,2.69471170141935,27.5032974890323
2005,20,2.61760056922581,27.7603225787097
2005,21,2.54048943703226,28.0173476683871
2005,22,2.46337830483871,28.2743727580645
2005,23,2.38626717264516,28.5313978477419
2005,24,2.30915604045161,28.7884229374194
2005,25,2.23204490825806,29.0454480270968
2005,26,2.15493377606452,29.3024731167742
2005,27,2.07782264387097,29.5594982064516
2005,28,2.00071151167742,29.816523296129
2005,29,1.92360037948387,30.0735483858065
2005,30,1.84648924729032,30.3305734754839
2005,31,1.76937811509677,30.5875985651613
2005,32,1.69226698290323,30.8446236548387
2005,33,1.61515585070968,31.1016487445161
2005,34,1.53804471851613,31.3586738341935
2005,35,1.46093358632258,31.615698923871
2005,36,1.38382245412903,31.8727240135484
2005,37,1.30671132193548,32.1297491032258
2005,38,1.22960018974194,32.3867741929032
2005,39,1.15248905754839,32.6437992825806
2005,40,1.07537792535484,32.9008243722581
2005,41,0.998266793161291,33.1578494619355
2005,42,0.921155660967742,33.4148745516129
2005,43,0.844044528774194,33.6718996412903
2005,44,0.766933396580645,33.9289247309677
2005,45,0.689822264387097,34.1859498206452
2005,46,0.612711132193549,34.4429749103226
2005,47,0.5356,34.7
2005,48,0.523235714285714,34.5732142857143
2005,49,0.510871428571429,34.4464285714286
2005,50,0.498507142857143,34.3196428571429
2005,51,0.486142857142857,34.1928571428571
2005,52,0.473778571428571,34.0660714285714
2005,53,0.461414285714286,33.9392857142857
2005,54,0.44905,33.8125
2005,55,0.436685714285714,33.6857142857143
2005,56,0.424321428571429,33.5589285714286
2005,57,0.411957142857143,33.4321428571429
2005,58,0.399592857142857,33.3053571428571
2005,59,0.387228571428571,33.1785714285714
2005,60,0.374864285714286,33.0517857142857
2005,61,0.3625,32.925
2005,62,0.350135714285714,32.7982142857143
2005,63,0.337771428571429,32.6714285714286
2005,64,0.325407142857143,32.5446428571429
2005,65,0.313042857142857,32.4178571428571
2005,66,0.300678571428571,32.2910714285714
2005,67,0.288314285714286,32.1642857142857
2005,68,0.27595,32.0375
2005,69,0.263585714285714,31.9107142857143
2005,70,0.251221428571429,31.7839285714286
2005,71,0.238857142857143,31.6571428571429
2005,72,0.226492857142857,31.5303571428571
2005,73,0.214128571428571,31.4035714285714
2005,74,0.201764285714286,31.2767857142857
2005,75,0.1894,31.15
2005,76,0.22080860216129,40.0440860225806
2005,77,0.252217204322581,48.9381720451613
2005,78,0.283625806483871,57.8322580677419
2005,79,0.315034408645161,66.7263440903226
2005,80,0.346443010806452,75.6204301129032
2005,81,0.377851612967742,84.5145161354839
2005,82,0.409260215129032,93.4086021580645
2005,83,0.440668817290323,102.302688180645
2005,84,0.472077419451613,111.196774203226
2005,85,0.503486021612903,120.090860225806
2005,86,0.534894623774194,128.984946248387
2005,87,0.566303225935484,137.879032270968
2005,88,0.597711828096774,146.773118293548
2005,89,0.629120430258065,155.667204316129
2005,90,0.660529032419355,164.56129033871
2005,91,0.691937634580645,173.45537636129
2005,92,0.723346236741935,182.349462383871
2005,93,0.754754838903226,191.243548406452
2005,94,0.786163441064516,200.137634429032
2005,95,0.817572043225806,209.031720451613
2005,96,0.848980645387097,217.925806474194
2005,97,0.880389247548387,226.819892496774
2005,98,0.911797849709677,235.713978519355
2005,99,0.943206451870968,244.608064541936
2005,100,0.974615054032258,253.502150564516
2005,101,1.00602365619355,262.396236587097
2005,102,1.03743225835484,271.290322609677
2005,103,1.06884086051613,280.184408632258
2005,104,1.10024946267742,289.078494654839
2005,105,1.13165806483871,297.972580677419
2005,106,1.163066667,306.8666667
2005,107,1.2453777781,297.884444476667
2005,108,1.3276888892,288.902222253333
2005,109,1.4100000003,279.92000003
2005,110,1.4923111114,270.937777806667
2005,111,1.5746222225,261.955555583333
2005,112,1.6569333336,252.97333336
2005,113,1.7392444447,243.991111136667
2005,114,1.8215555558,235.008888913333
2005,115,1.9038666669,226.02666669
2005,116,1.986177778,217.044444466667
2005,117,2.0684888891,208.062222243333
2005,118,2.1508000002,199.08000002
2005,119,2.2331111113,190.097777796667
2005,120,2.3154222224,181.115555573333
2005,121,2.3977333335,172.13333335
2005,122,2.4800444446,163.151111126667
2005,123,2.5623555557,154.168888903333
2005,124,2.6446666668,145.18666668
2005,125,2.7269777779,136.204444456667
2005,126,2.809288889,127.222222233333
2005,127,2.8916000001,118.24000001
2005,128,2.9739111112,109.257777786667
2005,129,3.0562222223,100.275555563333
2005,130,3.1385333334,91.29333334
2005,131,3.2208444445,82.3111111166666
2005,132,3.3031555556,73.3288888933333
2005,133,3.3854666667,64.34666667
2005,134,3.4677777778,55.3644444466667
2005,135,3.5500888889,46.3822222233333
2005,136,3.6324,37.4
2005,137,3.71549677419355,37.1032258064516
2005,138,3.7985935483871,36.8064516129032
2005,139,3.88169032258065,36.5096774193548
2005,140,3.96478709677419,36.2129032258064
2005,141,4.04788387096774,35.9161290322581
2005,142,4.13098064516129,35.6193548387097
2005,143,4.21407741935484,35.3225806451613
2005,144,4.29717419354839,35.0258064516129
2005,145,4.38027096774194,34.7290322580645
2005,146,4.46336774193548,34.4322580645161
2005,147,4.54646451612903,34.1354838709677
2005,148,4.62956129032258,33.8387096774194
2005,149,4.71265806451613,33.541935483871
2005,150,4.79575483870968,33.2451612903226
2005,151,4.87885161290323,32.9483870967742
2005,152,4.96194838709677,32.6516129032258
2005,153,5.04504516129032,32.3548387096774
2005,154,5.12814193548387,32.058064516129
2005,155,5.21123870967742,31.7612903225806
2005,156,5.29433548387097,31.4645161290323
2005,157,5.37743225806452,31.1677419354839
2005,158,5.46052903225806,30.8709677419355
2005,159,5.54362580645161,30.5741935483871
2005,160,5.62672258064516,30.2774193548387
2005,161,5.70981935483871,29.9806451612903
2005,162,5.79291612903226,29.6838709677419
2005,163,5.87601290322581,29.3870967741935
2005,164,5.95910967741936,29.0903225806452
2005,165,6.0422064516129,28.7935483870968
2005,166,6.12530322580645,28.4967741935484
2005,167,6.2084,28.2
2005,168,6.3244088889,28.378888889
2005,169,6.4404177778,28.557777778
2005,170,6.5564266667,28.736666667
2005,171,6.6724355556,28.915555556
2005,172,6.7884444445,29.094444445
2005,173,6.9044533334,29.273333334
2005,174,7.0204622223,29.452222223
2005,175,7.1364711112,29.631111112
2005,176,7.2524800001,29.810000001
2005,177,7.368488889,29.98888889
2005,178,7.4844977779,30.167777779
2005,179,7.6005066668,30.346666668
2005,180,7.7165155557,30.525555557
2005,181,7.8325244446,30.704444446
2005,182,7.9485333335,30.883333335
2005,183,8.0645422224,31.062222224
2005,184,8.1805511113,31.241111113
2005,185,8.2965600002,31.420000002
2005,186,8.4125688891,31.598888891
2005,187,8.528577778,31.77777778
2005,188,8.6445866669,31.956666669
2005,189,8.7605955558,32.135555558
2005,190,8.8766044447,32.314444447
2005,191,8.9926133336,32.493333336
2005,192,9.1086222225,32.672222225
2005,193,9.2246311114,32.851111114
2005,194,9.3406400003,33.030000003
2005,195,9.4566488892,33.208888892
2005,196,9.5726577781,33.387777781
2005,197,9.688666667,33.56666667
2005,198,9.75149677451613,33.5774193580645
2005,199,9.81432688203226,33.588172046129
2005,200,9.87715698954839,33.5989247341935
2005,201,9.93998709706451,33.6096774222581
2005,202,10.0028172045806,33.6204301103226
2005,203,10.0656473120968,33.6311827983871
2005,204,10.1284774196129,33.6419354864516
2005,205,10.191307527129,33.6526881745161
2005,206,10.2541376346452,33.6634408625806
2005,207,10.3169677421613,33.6741935506452
2005,208,10.3797978496774,33.6849462387097
2005,209,10.4426279571935,33.6956989267742
2005,210,10.5054580647097,33.7064516148387
2005,211,10.5682881722258,33.7172043029032
2005,212,10.6311182797419,33.7279569909677
2005,213,10.6939483872581,33.7387096790323
2005,214,10.7567784947742,33.7494623670968
2005,215,10.8196086022903,33.7602150551613
2005,216,10.8824387098065,33.7709677432258
2005,217,10.9452688173226,33.7817204312903
2005,218,11.0080989248387,33.7924731193548
2005,219,11.0709290323548,33.8032258074194
2005,220,11.133759139871,33.8139784954839
2005,221,11.1965892473871,33.8247311835484
2005,222,11.2594193549032,33.8354838716129
2005,223,11.3222494624194,33.8462365596774
2005,224,11.3850795699355,33.8569892477419
2005,225,11.4479096774516,33.8677419358064
2005,226,11.5107397849677,33.878494623871
2005,227,11.5735698924839,33.8892473119355
2005,228,11.6364,33.9
2005,229,11.7552155529032,34.253564516129
2005,230,11.8740311058065,34.6071290322581
2005,231,11.9928466587097,34.9606935483871
2005,232,12.1116622116129,35.3142580645161
2005,233,12.2304777645161,35.6678225806452
2005,234,12.3492933174194,36.0213870967742
2005,235,12.4681088703226,36.3749516129032
2005,236,12.5869244232258,36.7285161290323
2005,237,12.705739976129,37.0820806451613
2005,238,12.8245555290323,37.4356451612903
2005,239,12.9433710819355,37.7892096774194
2005,240,13.0621866348387,38.1427741935484
2005,241,13.1810021877419,38.4963387096774
2005,242,13.2998177406452,38.8499032258065
2005,243,13.4186332935484,39.2034677419355
2005,244,13.5374488464516,39.5570322580645
2005,245,13.6562643993548,39.9105967741936
2005,246,13.7750799522581,40.2641612903226
2005,247,13.8938955051613,40.6177258064516
2005,248,14.0127110580645,40.9712903225806
2005,249,14.1315266109677,41.3248548387097
2005,250,14.250342163871,41.6784193548387
2005,251,14.3691577167742,42.0319838709677
2005,252,14.4879732696774,42.3855483870968
2005,253,14.6067888225806,42.7391129032258
2005,254,14.7256043754839,43.0926774193548
2005,255,14.8444199283871,43.4462419354839
2005,256,14.9632354812903,43.7998064516129
2005,257,15.0820510341935,44.1533709677419
2005,258,15.2008665870968,44.506935483871
2005,259,15.31968214,44.8605
2005,260,15.2894216243333,44.534038889
2005,261,15.2591611086667,44.207577778
2005,262,15.228900593,43.881116667
2005,263,15.1986400773333,43.554655556
2005,264,15.1683795616667,43.228194445
2005,265,15.138119046,42.901733334
2005,266,15.1078585303333,42.575272223
2005,267,15.0775980146667,42.248811112
2005,268,15.047337499,41.922350001
2005,269,15.0170769833333,41.59588889
2005,270,14.9868164676667,41.269427779
2005,271,14.956555952,40.942966668
2005,272,14.9262954363333,40.616505557
2005,273,14.8960349206667,40.290044446
2005,274,14.865774405,39.963583335
2005,275,14.8355138893333,39.637122224
2005,276,14.8052533736667,39.310661113
2005,277,14.774992858,38.984200002
2005,278,14.7447323423333,38.657738891
2005,279,14.7144718266667,38.33127778
2005,280,14.684211311,38.004816669
2005,281,14.6539507953333,37.678355558
2005,282,14.6236902796667,37.351894447
2005,283,14.593429764,37.025433336
2005,284,14.5631692483333,36.698972225
2005,285,14.5329087326667,36.372511114
2005,286,14.502648217,36.046050003
2005,287,14.4723877013333,35.719588892
2005,288,14.4421271856667,35.393127781
2005,289,14.41186667,35.06666667
2005,290,14.2498422043548,35.6761935516129
2005,291,14.0878177387097,36.2857204332258
2005,292,13.9257932730645,36.8952473148387
2005,293,13.7637688074194,37.5047741964516
2005,294,13.6017443417742,38.1143010780645
2005,295,13.439719876129,38.7238279596774
2005,296,13.2776954104839,39.3333548412903
2005,297,13.1156709448387,39.9428817229032
2005,298,12.9536464791935,40.5524086045161
2005,299,12.7916220135484,41.161935486129
2005,300,12.6295975479032,41.7714623677419
2005,301,12.4675730822581,42.3809892493548
2005,302,12.3055486166129,42.9905161309677
2005,303,12.1435241509677,43.6000430125806
2005,304,11.9814996853226,44.2095698941935
2005,305,11.8194752196774,44.8190967758065
2005,306,11.6574507540323,45.4286236574194
2005,307,11.4954262883871,46.0381505390323
2005,308,11.3334018227419,46.6476774206452
2005,309,11.1713773570968,47.2572043022581
2005,310,11.0093528914516,47.866731183871
2005,311,10.8473284258065,48.4762580654839
2005,312,10.6853039601613,49.0857849470968
2005,313,10.5232794945161,49.6953118287097
2005,314,10.361255028871,50.3048387103226
2005,315,10.1992305632258,50.9143655919355
2005,316,10.0372060975806,51.5238924735484
2005,317,9.87518163193548,52.1334193551613
2005,318,9.71315716629032,52.7429462367742
2005,319,9.55113270064516,53.3524731183871
2005,320,9.389108235,53.962
2005,321,9.26025688673333,53.2843222223333
2005,322,9.13140553846667,52.6066444446667
2005,323,9.0025541902,51.928966667
2005,324,8.87370284193333,51.2512888893333
2005,325,8.74485149366667,50.5736111116667
2005,326,8.6160001454,49.895933334
2005,327,8.48714879713333,49.2182555563333
2005,328,8.35829744886667,48.5405777786667
2005,329,8.2294461006,47.862900001
2005,330,8.10059475233333,47.1852222233333
2005,331,7.97174340406667,46.5075444456667
2005,332,7.8428920558,45.829866668
2005,333,7.71404070753333,45.1521888903333
2005,334,7.58518935926667,44.4745111126667
2005,335,7.456338011,43.796833335
2005,336,7.32748666273333,43.1191555573333
2005,337,7.19863531446667,42.4414777796667
2005,338,7.0697839662,41.763800002
2005,339,6.94093261793333,41.0861222243333
2005,340,6.81208126966667,40.4084444466667
2005,341,6.6832299214,39.730766669
2005,342,6.55437857313333,39.0530888913333
2005,343,6.42552722486667,38.3754111136667
2005,344,6.2966758766,37.697733336
2005,345,6.16782452833333,37.0200555583333
2005,346,6.03897318006667,36.3423777806667
2005,347,5.9101218318,35.664700003
2005,348,5.78127048353333,34.9870222253333
2005,349,5.65241913526667,34.3093444476667
2005,350,5.523567787,33.63166667
2005,351,5.44676882612903,33.1731290354839
2005,352,5.36996986525806,32.7145914009677
2005,353,5.2931709043871,32.2560537664516
2005,354,5.21637194351613,31.7975161319355
2005,355,5.13957298264516,31.3389784974194
2005,356,5.06277402177419,30.8804408629032
2005,357,4.98597506090323,30.4219032283871
2005,358,4.90917610003226,29.963365593871
2005,359,4.83237713916129,29.5048279593548
2005,360,4.75557817829032,29.0462903248387
2005,361,4.67877921741935,28.5877526903226
2005,362,4.60198025654839,28.1292150558065
2005,363,4.52518129567742,27.6706774212903
2005,364,4.44838233480645,27.2121397867742
2005,365,4.37158337393548,26.7536021522581
2006,1,4.29478441306452,26.2950645177419
2006,2,4.21798545219355,25.8365268832258
2006,3,4.14118649132258,25.3779892487097
2006,4,4.06438753045161,24.9194516141935
2006,5,3.98758856958065,24.4609139796774
2006,6,3.91078960870968,24.0023763451613
2006,7,3.83399064783871,23.5438387106452
2006,8,3.75719168696774,23.085301076129
2006,9,3.68039272609677,22.6267634416129
2006,10,3.60359376522581,22.1682258070968
2006,11,3.52679480435484,21.7096881725806
2006,12,3.44999584348387,21.2511505380645
2006,13,3.3731968826129,20.7926129035484
2006,14,3.29639792174194,20.3340752690323
2006,15,3.21959896087097,19.8755376345161
2006,16,3.1428,19.417
2006,17,3.09411612903226,19.5592580645161
2006,18,3.04543225806452,19.7015161290323
2006,19,2.99674838709677,19.8437741935484
2006,20,2.94806451612903,19.9860322580645
2006,21,2.89938064516129,20.1282903225806
2006,22,2.85069677419355,20.2705483870968
2006,23,2.80201290322581,20.4128064516129
2006,24,2.75332903225806,20.555064516129
2006,25,2.70464516129032,20.6973225806452
2006,26,2.65596129032258,20.8395806451613
2006,27,2.60727741935484,20.9818387096774
2006,28,2.5585935483871,21.1240967741935
2006,29,2.50990967741935,21.2663548387097
2006,30,2.46122580645161,21.4086129032258
2006,31,2.41254193548387,21.5508709677419
2006,32,2.36385806451613,21.6931290322581
2006,33,2.31517419354839,21.8353870967742
2006,34,2.26649032258064,21.9776451612903
2006,35,2.2178064516129,22.1199032258065
2006,36,2.16912258064516,22.2621612903226
2006,37,2.12043870967742,22.4044193548387
2006,38,2.07175483870968,22.5466774193548
2006,39,2.02307096774194,22.688935483871
2006,40,1.97438709677419,22.8311935483871
2006,41,1.92570322580645,22.9734516129032
2006,42,1.87701935483871,23.1157096774194
2006,43,1.82833548387097,23.2579677419355
2006,44,1.77965161290323,23.4002258064516
2006,45,1.73096774193548,23.5424838709677
2006,46,1.68228387096774,23.6847419354839
2006,47,1.6336,23.827
2006,48,1.59213333332143,26.656809525
2006,49,1.55066666664286,29.48661905
2006,50,1.50919999996429,32.316428575
2006,51,1.46773333328571,35.1462381
2006,52,1.42626666660714,37.976047625
2006,53,1.38479999992857,40.80585715
2006,54,1.34333333325,43.635666675
2006,55,1.30186666657143,46.4654762
2006,56,1.26039999989286,49.295285725
2006,57,1.21893333321429,52.12509525
2006,58,1.17746666653571,54.954904775
2006,59,1.13599999985714,57.7847143
2006,60,1.09453333317857,60.614523825
2006,61,1.0530666665,63.44433335
2006,62,1.01159999982143,66.274142875
2006,63,0.970133333142857,69.1039524
2006,64,0.928666666464286,71.933761925
2006,65,0.887199999785714,74.76357145
2006,66,0.845733333107143,77.593380975
2006,67,0.804266666428571,80.4231905
2006,68,0.76279999975,83.253000025
2006,69,0.721333333071428,86.08280955
2006,70,0.679866666392857,88.912619075
2006,71,0.638399999714286,91.7424286
2006,72,0.596933333035714,94.572238125
2006,73,0.555466666357143,97.40204765
2006,74,0.513999999678571,100.231857175
2006,75,0.472533333,103.0616667
2006,76,0.531632257741935,103.997403258065
2006,77,0.590731182483871,104.933139816129
2006,78,0.649830107225806,105.868876374194
2006,79,0.708929031967742,106.804612932258
2006,80,0.768027956709677,107.740349490323
2006,81,0.827126881451613,108.676086048387
2006,82,0.886225806193548,109.611822606452
2006,83,0.945324730935484,110.547559164516
2006,84,1.00442365567742,111.483295722581
2006,85,1.06352258041935,112.419032280645
2006,86,1.12262150516129,113.35476883871
2006,87,1.18172042990323,114.290505396774
2006,88,1.24081935464516,115.226241954839
2006,89,1.2999182793871,116.161978512903
2006,90,1.35901720412903,117.097715070968
2006,91,1.41811612887097,118.033451629032
2006,92,1.4772150536129,118.969188187097
2006,93,1.53631397835484,119.904924745161
2006,94,1.59541290309677,120.840661303226
2006,95,1.65451182783871,121.77639786129
2006,96,1.71361075258065,122.712134419355
2006,97,1.77270967732258,123.647870977419
2006,98,1.83180860206452,124.583607535484
2006,99,1.89090752680645,125.519344093548
2006,100,1.95000645154839,126.455080651613
2006,101,2.00910537629032,127.390817209677
2006,102,2.06820430103226,128.326553767742
2006,103,2.12730322577419,129.262290325806
2006,104,2.18640215051613,130.198026883871
2006,105,2.24550107525807,131.133763441935
2006,106,2.3046,132.0695
2006,107,2.41775333333333,128.855266666667
2006,108,2.53090666666667,125.641033333333
2006,109,2.64406,122.4268
2006,110,2.75721333333333,119.212566666667
2006,111,2.87036666666667,115.998333333333
2006,112,2.98352,112.7841
2006,113,3.09667333333333,109.569866666667
2006,114,3.20982666666667,106.355633333333
2006,115,3.32298,103.1414
2006,116,3.43613333333333,99.9271666666667
2006,117,3.54928666666667,96.7129333333333
2006,118,3.66244,93.4987
2006,119,3.77559333333333,90.2844666666667
2006,120,3.88874666666667,87.0702333333333
2006,121,4.0019,83.856
2006,122,4.11505333333333,80.6417666666667
2006,123,4.22820666666667,77.4275333333333
2006,124,4.34136,74.2133
2006,125,4.45451333333333,70.9990666666667
2006,126,4.56766666666667,67.7848333333333
2006,127,4.68082,64.5706
2006,128,4.79397333333333,61.3563666666667
2006,129,4.90712666666667,58.1421333333333
2006,130,5.02028,54.9279
2006,131,5.13343333333333,51.7136666666667
2006,132,5.24658666666667,48.4994333333333
2006,133,5.35974,45.2852
2006,134,5.47289333333333,42.0709666666667
2006,135,5.58604666666667,38.8567333333333
2006,136,5.6992,35.6425
2006,137,5.7756511413871,35.5717507332258
2006,138,5.85210228277419,35.5010014664516
2006,139,5.92855342416129,35.4302521996774
2006,140,6.00500456554839,35.3595029329032
2006,141,6.08145570693548,35.288753666129
2006,142,6.15790684832258,35.2180043993548
2006,143,6.23435798970968,35.1472551325806
2006,144,6.31080913109677,35.0765058658064
2006,145,6.38726027248387,35.0057565990323
2006,146,6.46371141387097,34.9350073322581
2006,147,6.54016255525806,34.8642580654839
2006,148,6.61661369664516,34.7935087987097
2006,149,6.69306483803226,34.7227595319355
2006,150,6.76951597941936,34.6520102651613
2006,151,6.84596712080645,34.5812609983871
2006,152,6.92241826219355,34.5105117316129
2006,153,6.99886940358065,34.4397624648387
2006,154,7.07532054496774,34.3690131980645
2006,155,7.15177168635484,34.2982639312903
2006,156,7.22822282774194,34.2275146645161
2006,157,7.30467396912903,34.1567653977419
2006,158,7.38112511051613,34.0860161309677
2006,159,7.45757625190323,34.0152668641935
2006,160,7.53402739329032,33.9445175974193
2006,161,7.61047853467742,33.8737683306452
2006,162,7.68692967606452,33.803019063871
2006,163,7.76338081745161,33.7322697970968
2006,164,7.83983195883871,33.6615205303226
2006,165,7.91628310022581,33.5907712635484
2006,166,7.9927342416129,33.5200219967742
2006,167,8.069185383,33.44927273
2006,168,8.13863920356667,33.568563639
2006,169,8.20809302413333,33.687854548
2006,170,8.2775468447,33.807145457
2006,171,8.34700066526667,33.926436366
2006,172,8.41645448583333,34.045727275
2006,173,8.4859083064,34.165018184
2006,174,8.55536212696667,34.284309093
2006,175,8.62481594753333,34.403600002
2006,176,8.6942697681,34.522890911
2006,177,8.76372358866667,34.64218182
2006,178,8.83317740923333,34.761472729
2006,179,8.9026312298,34.880763638
2006,180,8.97208505036667,35.000054547
2006,181,9.04153887093333,35.119345456
2006,182,9.1109926915,35.238636365
2006,183,9.18044651206667,35.357927274
2006,184,9.24990033263333,35.477218183
2006,185,9.3193541532,35.596509092
2006,186,9.38880797376667,35.715800001
2006,187,9.45826179433333,35.83509091
2006,188,9.5277156149,35.954381819
2006,189,9.59716943546667,36.073672728
2006,190,9.66662325603333,36.192963637
2006,191,9.7360770766,36.312254546
2006,192,9.80553089716667,36.431545455
2006,193,9.87498471773333,36.550836364
2006,194,9.9444385383,36.670127273
2006,195,10.0138923588667,36.789418182
2006,196,10.0833461794333,36.908709091
2006,197,10.1528,37.028
2006,198,10.2375161290323,36.4307096774194
2006,199,10.3222322580645,35.8334193548387
2006,200,10.4069483870968,35.2361290322581
2006,201,10.491664516129,34.6388387096774
2006,202,10.5763806451613,34.0415483870968
2006,203,10.6610967741935,33.4442580645161
2006,204,10.7458129032258,32.8469677419355
2006,205,10.8305290322581,32.2496774193548
2006,206,10.9152451612903,31.6523870967742
2006,207,10.9999612903226,31.0550967741935
2006,208,11.0846774193548,30.4578064516129
2006,209,11.1693935483871,29.8605161290323
2006,210,11.2541096774194,29.2632258064516
2006,211,11.3388258064516,28.665935483871
2006,212,11.4235419354839,28.0686451612903
2006,213,11.5082580645161,27.4713548387097
2006,214,11.5929741935484,26.874064516129
2006,215,11.6776903225806,26.2767741935484
2006,216,11.7624064516129,25.6794838709677
2006,217,11.8471225806452,25.0821935483871
2006,218,11.9318387096774,24.4849032258065
2006,219,12.0165548387097,23.8876129032258
2006,220,12.1012709677419,23.2903225806452
2006,221,12.1859870967742,22.6930322580645
2006,222,12.2707032258065,22.0957419354839
2006,223,12.3554193548387,21.4984516129032
2006,224,12.440135483871,20.9011612903226
2006,225,12.5248516129032,20.3038709677419
2006,226,12.6095677419355,19.7065806451613
2006,227,12.6942838709677,19.1092903225806
2006,228,12.779,18.512
2006,229,12.8609574883871,19.3619516129032
2006,230,12.9429149767742,20.2119032258065
2006,231,13.0248724651613,21.0618548387097
2006,232,13.1068299535484,21.9118064516129
2006,233,13.1887874419355,22.7617580645161
2006,234,13.2707449303226,23.6117096774194
2006,235,13.3527024187097,24.4616612903226
2006,236,13.4346599070968,25.3116129032258
2006,237,13.5166173954839,26.161564516129
2006,238,13.598574883871,27.0115161290323
2006,239,13.6805323722581,27.8614677419355
2006,240,13.7624898606452,28.7114193548387
2006,241,13.8444473490323,29.5613709677419
2006,242,13.9264048374194,30.4113225806452
2006,243,14.0083623258065,31.2612741935484
2006,244,14.0903198141935,32.1112258064516
2006,245,14.1722773025806,32.9611774193548
2006,246,14.2542347909677,33.8111290322581
2006,247,14.3361922793548,34.6610806451613
2006,248,14.4181497677419,35.5110322580645
2006,249,14.500107256129,36.3609838709677
2006,250,14.5820647445161,37.210935483871
2006,251,14.6640222329032,38.0608870967742
2006,252,14.7459797212903,38.9108387096774
2006,253,14.8279372096774,39.7607903225806
2006,254,14.9098946980645,40.6107419354839
2006,255,14.9918521864516,41.4606935483871
2006,256,15.0738096748387,42.3106451612903
2006,257,15.1557671632258,43.1605967741936
2006,258,15.2377246516129,44.0105483870968
2006,259,15.31968214,44.8605
2006,260,15.3084260686667,43.8450666666667
2006,261,15.2971699973333,42.8296333333333
2006,262,15.285913926,41.8142
2006,263,15.2746578546667,40.7987666666667
2006,264,15.2634017833333,39.7833333333333
2006,265,15.252145712,38.7679
2006,266,15.2408896406667,37.7524666666667
2006,267,15.2296335693333,36.7370333333333
2006,268,15.218377498,35.7216
2006,269,15.2071214266667,34.7061666666667
2006,270,15.1958653553333,33.6907333333333
2006,271,15.184609284,32.6753
2006,272,15.1733532126667,31.6598666666667
2006,273,15.1620971413333,30.6444333333333
2006,274,15.15084107,29.629
2006,275,15.1395849986667,28.6135666666667
2006,276,15.1283289273333,27.5981333333333
2006,277,15.117072856,26.5827
2006,278,15.1058167846667,25.5672666666667
2006,279,15.0945607133333,24.5518333333333
2006,280,15.083304642,23.5364
2006,281,15.0720485706667,22.5209666666667
2006,282,15.0607924993333,21.5055333333333
2006,283,15.049536428,20.4901
2006,284,15.0382803566667,19.4746666666667
2006,285,15.0270242853333,18.4592333333333
2006,286,15.015768214,17.4438
2006,287,15.0045121426667,16.4283666666667
2006,288,14.9932560713333,15.4129333333333
2006,289,14.982,14.3975
2006,290,14.7872774193548,14.6997419354839
2006,291,14.5925548387097,15.0019838709677
2006,292,14.3978322580645,15.3042258064516
2006,293,14.2031096774194,15.6064677419355
2006,294,14.0083870967742,15.9087096774194
2006,295,13.813664516129,16.2109516129032
2006,296,13.6189419354839,16.5131935483871
2006,297,13.4242193548387,16.815435483871
2006,298,13.2294967741935,17.1176774193548
2006,299,13.0347741935484,17.4199193548387
2006,300,12.8400516129032,17.7221612903226
2006,301,12.6453290322581,18.0244032258065
2006,302,12.4506064516129,18.3266451612903
2006,303,12.2558838709677,18.6288870967742
2006,304,12.0611612903226,18.9311290322581
2006,305,11.8664387096774,19.2333709677419
2006,306,11.6717161290323,19.5356129032258
2006,307,11.4769935483871,19.8378548387097
2006,308,11.2822709677419,20.1400967741935
2006,309,11.0875483870968,20.4423387096774
2006,310,10.8928258064516,20.7445806451613
2006,311,10.6981032258065,21.0468225806452
2006,312,10.5033806451613,21.349064516129
2006,313,10.3086580645161,21.6513064516129
2006,314,10.113935483871,21.9535483870968
2006,315,9.91921290322581,22.2557903225806
2006,316,9.72449032258065,22.5580322580645
2006,317,9.52976774193548,22.8602741935484
2006,318,9.33504516129032,23.1625161290323
2006,319,9.14032258064516,23.4647580645161
2006,320,8.9456,23.767
2006,321,8.83577333333333,23.9164333333333
2006,322,8.72594666666667,24.0658666666667
2006,323,8.61612,24.2153
2006,324,8.50629333333333,24.3647333333333
2006,325,8.39646666666667,24.5141666666667
2006,326,8.28664,24.6636
2006,327,8.17681333333333,24.8130333333333
2006,328,8.06698666666667,24.9624666666667
2006,329,7.95716,25.1119
2006,330,7.84733333333333,25.2613333333333
2006,331,7.73750666666667,25.4107666666667
2006,332,7.62768,25.5602
2006,333,7.51785333333333,25.7096333333333
2006,334,7.40802666666667,25.8590666666667
2006,335,7.2982,26.0085
2006,336,7.18837333333333,26.1579333333333
2006,337,7.07854666666667,26.3073666666667
2006,338,6.96872,26.4568
2006,339,6.85889333333333,26.6062333333333
2006,340,6.74906666666667,26.7556666666667
2006,341,6.63924,26.9051
2006,342,6.52941333333333,27.0545333333333
2006,343,6.41958666666667,27.2039666666667
2006,344,6.30976,27.3534
2006,345,6.19993333333333,27.5028333333333
2006,346,6.09010666666667,27.6522666666667
2006,347,5.98028,27.8017
2006,348,5.87045333333333,27.9511333333333
2006,349,5.76062666666667,28.1005666666667
2006,350,5.6508,28.25
2006,351,5.59376502212903,27.9217096774194
2006,352,5.53673004425807,27.5934193548387
2006,353,5.4796950663871,27.2651290322581
2006,354,5.42266008851613,26.9368387096774
2006,355,5.36562511064516,26.6085483870968
2006,356,5.30859013277419,26.2802580645161
2006,357,5.25155515490323,25.9519677419355
2006,358,5.19452017703226,25.6236774193548
2006,359,5.13748519916129,25.2953870967742
2006,360,5.08045022129032,24.9670967741935
2006,361,5.02341524341935,24.6388064516129
2006,362,4.96638026554839,24.3105161290323
2006,363,4.90934528767742,23.9822258064516
2006,364,4.85231030980645,23.653935483871
2006,365,4.79527533193548,23.3256451612903
